public_token_id,transaction_token_id
1,101
2,102
3,103
4,104
5,105
6,106
7,107
8,108
9,109
10,110
11,111
12,112
13,113
14,114
15,115
16,116
17,117
18,118
19,119
20,120
21,121
22,122
23,123
24,124
25,125
26,126
27,127
28,128
29,129
30,130
31,131
32,132
33,133
34,134
35,135
36,136
37,137
38,138
39,139
40,140
41,141
42,142
43,143
44,144
45,145
46,146
47,147
48,148
49,149
50,150
51,151
52,152
53,153
54,154
55,155
56,156
57,157
58,158
59,159
60,160
61,161
62,162
63,163
64,164
65,165
66,166
67,167
68,168
69,169
70,170
71,171
72,172
73,173
74,174
75,175
76,176
77,177
78,178
79,179
80,180
81,181
82,182
83,183
84,184
85,185
86,186
87,187
88,188
89,189
90,190
91,191
92,192
93,193
94,194
95,195
96,196
97,197
98,198
99,199
100,1091
101,200
102,201
103,202
104,203
105,204
106,205
107,206
108,207
109,208
110,209
111,210
112,211
113,212
114,213
115,214
116,215
117,216
118,217
119,0
120,219
121,220
122,221
123,222
124,223
125,224
126,225
127,226
128,227
129,228
130,229
131,230
132,231
133,232
134,233
135,234
136,235
137,236
138,237
139,238
140,239
141,240
142,241
143,242
144,243
145,244
146,245
147,246
148,247
149,248
150,249
151,250
152,251
153,252
154,253
155,254
156,255
157,256
158,257
159,258
160,259
161,260
162,261
163,262
164,263
165,264
166,265
167,266
168,267
169,268
170,269
171,270
172,271
173,272
174,273
175,274
176,275
177,276
178,277
179,278
180,279
181,280
182,281
183,282
184,283
185,284
186,285
187,286
188,287
189,288
190,289
191,290
192,291
193,292
194,293
195,294
196,295
197,296
198,297
199,298
200,1092
201,299
202,300
203,301
204,302
205,303
206,304
207,305
208,306
209,307
210,308
211,309
212,310
213,311
214,312
215,313
216,314
217,315
218,316
219,317
220,318
221,319
222,320
223,321
224,322
225,323
226,324
227,325
228,326
229,327
230,328
231,329
232,330
233,331
234,332
235,333
236,334
237,335
238,336
239,337
240,338
241,339
242,340
243,341
244,342
245,343
246,344
247,345
248,346
249,347
250,348
251,349
252,350
253,351
254,352
255,353
256,354
257,355
258,356
259,357
260,358
261,359
262,360
263,361
264,362
265,363
266,364
267,365
268,366
269,367
270,368
271,369
272,370
273,371
274,372
275,373
276,374
277,375
278,376
279,377
280,378
281,379
282,380
283,381
284,382
285,383
286,384
287,385
288,386
289,387
290,388
291,0
292,390
293,391
294,392
295,393
296,394
297,395
298,396
299,397
300,1093
301,398
302,399
303,400
304,401
305,402
306,403
307,404
308,405
309,406
310,407
311,408
312,409
313,410
314,411
315,412
316,413
317,414
318,415
319,416
320,417
321,418
322,419
323,420
324,421
325,422
326,423
327,424
328,425
329,426
330,427
331,428
332,429
333,430
334,431
335,432
336,433
337,434
338,435
339,436
340,437
341,438
342,439
343,440
344,441
345,442
346,443
347,444
348,445
349,446
350,447
351,448
352,449
353,450
354,451
355,452
356,453
357,454
358,455
359,456
360,457
361,458
362,459
363,460
364,461
365,462
366,463
367,464
368,465
369,466
370,467
371,468
372,469
373,470
374,471
375,472
376,473
377,474
378,475
379,476
380,477
381,478
382,479
383,480
384,481
385,482
386,483
387,484
388,485
389,486
390,487
391,488
392,489
393,490
394,491
395,492
396,493
397,494
398,495
399,496
400,1094
401,497
402,498
403,499
404,500
405,501
406,502
407,503
408,504
409,505
410,506
411,507
412,508
413,509
414,510
415,511
416,512
417,513
418,514
419,515
420,516
421,517
422,518
423,519
424,520
425,521
426,522
427,523
428,524
429,525
430,526
431,527
432,528
433,529
434,530
435,531
436,532
437,533
438,534
439,535
440,536
441,537
442,538
443,539
444,540
445,541
446,542
447,543
448,544
449,545
450,546
451,547
452,548
453,549
454,550
455,551
456,552
457,553
458,554
459,555
460,556
461,557
462,558
463,559
464,560
465,561
466,562
467,563
468,564
469,565
470,566
471,567
472,568
473,569
474,570
475,571
476,572
477,573
478,574
479,575
480,576
481,577
482,578
483,579
484,580
485,581
486,582
487,583
488,584
489,585
490,586
491,587
492,588
493,589
494,590
495,591
496,592
497,593
498,594
499,595
500,1095
501,596
502,597
503,598
504,599
505,600
506,601
507,602
508,603
509,604
510,605
511,606
512,607
513,608
514,609
515,610
516,611
517,612
518,613
519,614
520,615
521,616
522,617
523,618
524,619
525,620
526,621
527,622
528,623
529,624
530,625
531,626
532,627
533,628
534,629
535,630
536,631
537,632
538,633
539,634
540,635
541,636
542,637
543,638
544,639
545,640
546,641
547,642
548,643
549,644
550,645
551,646
552,647
553,648
554,649
555,650
556,651
557,652
558,653
559,654
560,655
561,656
562,657
563,658
564,659
565,660
566,661
567,662
568,663
569,664
570,665
571,666
572,667
573,668
574,669
575,670
576,671
577,672
578,673
579,674
580,675
581,676
582,677
583,678
584,679
585,680
586,681
587,682
588,683
589,684
590,685
591,686
592,687
593,688
594,689
595,690
596,691
597,692
598,693
599,694
600,1096
601,695
602,696
603,697
604,698
605,699
606,700
607,701
608,702
609,703
610,704
611,705
612,706
613,707
614,708
615,709
616,710
617,711
618,712
619,713
620,714
621,715
622,716
623,717
624,718
625,719
626,720
627,721
628,722
629,723
630,724
631,725
632,726
633,727
634,728
635,729
636,730
637,731
638,732
639,733
640,734
641,735
642,736
643,737
644,738
645,739
646,740
647,741
648,742
649,743
650,744
651,745
652,746
653,747
654,748
655,749
656,750
657,751
658,752
659,753
660,754
661,755
662,756
663,757
664,758
665,759
666,760
667,761
668,762
669,763
670,764
671,765
672,766
673,767
674,768
675,769
676,770
677,771
678,772
679,773
680,774
681,775
682,776
683,777
684,778
685,779
686,780
687,781
688,782
689,783
690,784
691,785
692,786
693,787
694,788
695,789
696,790
697,791
698,792
699,793
700,1097
701,794
702,795
703,796
704,797
705,798
706,799
707,800
708,801
709,802
710,803
711,804
712,805
713,806
714,807
715,808
716,809
717,810
718,811
719,812
720,813
721,814
722,815
723,816
724,817
725,818
726,819
727,820
728,821
729,822
730,823
731,824
732,825
733,826
734,827
735,828
736,829
737,830
738,831
739,832
740,833
741,834
742,835
743,836
744,837
745,838
746,839
747,840
748,841
749,842
750,843
751,844
752,845
753,846
754,847
755,848
756,849
757,850
758,851
759,852
760,853
761,854
762,855
763,856
764,857
765,858
766,859
767,860
768,861
769,862
770,863
771,864
772,865
773,866
774,867
775,868
776,869
777,870
778,871
779,872
780,873
781,874
782,875
783,876
784,877
785,878
786,879
787,880
788,881
789,882
790,883
791,884
792,885
793,886
794,887
795,888
796,889
797,890
798,891
799,892
800,1098
801,893
802,894
803,895
804,896
805,897
806,898
807,899
808,900
809,901
810,902
811,903
812,904
813,905
814,906
815,907
816,908
817,909
818,910
819,911
820,912
821,913
822,914
823,915
824,916
825,917
826,918
827,919
828,920
829,921
830,922
831,923
832,924
833,925
834,926
835,927
836,928
837,929
838,930
839,931
840,932
841,933
842,934
843,935
844,936
845,937
846,938
847,939
848,940
849,941
850,942
851,943
852,944
853,945
854,946
855,947
856,948
857,949
858,950
859,951
860,952
861,953
862,954
863,955
864,956
865,957
866,958
867,959
868,960
869,961
870,962
871,963
872,964
873,965
874,966
875,967
876,968
877,969
878,970
879,971
880,972
881,973
882,974
883,975
884,976
885,977
886,978
887,979
888,980
889,981
890,982
891,983
892,984
893,985
894,986
895,987
896,988
897,989
898,990
899,991
900,1099
901,992
902,993
903,994
904,995
905,996
906,997
907,998
908,999
909,1000
910,1001
911,1002
912,1003
913,1004
914,1005
915,1006
916,1007
917,1008
918,1009
919,1010
920,1011
921,1012
922,1013
923,1014
924,1015
925,1016
926,1017
927,1018
928,1019
929,1020
930,1021
931,1022
932,1023
933,1024
934,1025
935,1026
936,1027
937,1028
938,1029
939,1030
940,1031
941,1032
942,1033
943,1034
944,1035
945,1036
946,1037
947,1038
948,1039
949,1040
950,1041
951,1042
952,1043
953,1044
954,1045
955,1046
956,1047
957,1048
958,1049
959,1050
960,1051
961,1052
962,1053
963,1054
964,1055
965,1056
966,1057
967,1058
968,1059
969,1060
970,1061
971,1062
972,1063
973,1064
974,1065
975,1066
976,1067
977,1068
978,1069
979,1070
980,1071
981,1072
982,1073
983,1074
984,1075
985,1076
986,1077
987,1078
988,1079
989,1080
990,1081
991,1082
992,1083
993,1084
994,1085
995,1086
996,1087
997,1088
998,1089
999,1090
1000,1100
1001,1101
1002,1102
1003,1103
1004,1104
1005,1105
1006,1136
1007,1137
1008,1138
1009,1139
1010,1140
1011,1141
1012,1142
1013,1143
1014,1144
1015,1145
1016,1146
1017,1147
1018,1148
1019,1149
1020,1150
1021,1151
1022,1152
1023,1153
1024,1154
1025,1155
1026,2501
1027,2095
1028,2064
1029,1742
1030,1166
1031,1185
1032,1472
1033,2221
1034,1259
1035,1455
1036,1439
1037,2329
1038,1952
1039,2442
1040,2076
1041,1458
1042,2611
1043,1941
1044,1845
1045,2375
1046,1643
1047,1966
1048,2204
1049,2424
1050,1198
1051,2082
1052,1341
1053,2226
1054,2169
1055,1620
1056,2423
1057,1523
1058,1710
1059,2445
1060,1322
1061,2592
1062,2213
1063,1228
1064,1182
1065,2438
1066,2587
1067,2554
1068,2144
1069,1844
1070,2060
1071,2111
1072,1666
1073,2139
1074,1318
1075,1698
1076,1374
1077,2452
1078,2561
1079,1293
1080,2203
1081,2475
1082,2122
1083,2480
1084,2022
1085,1678
1086,2486
1087,2217
1088,1163
1089,2320
1090,1354
1091,1164
1092,2009
1093,1335
1094,1691
1095,1165
1096,2610
1097,2209
1098,1396
1099,2373
1100,1283
1101,1780
1102,1614
1103,2263
1104,1598
1105,2365
1106,1947
1107,1452
1108,2655
1109,1473
1110,2031
1111,1688
1112,1921
1113,2037
1114,1706
1115,1447
1116,2057
1117,1849
1118,2398
1119,1948
1120,1442
1121,1345
1122,2594
1123,2448
1124,1285
1125,1801
1126,1476
1127,1900
1128,1424
1129,1441
1130,2135
1131,2277
1132,1750
1133,1778
1134,1718
1135,2100
1136,2464
1137,2176
1138,1630
1139,1956
1140,2351
1141,1251
1142,1595
1143,2269
1144,2110
1145,2306
1146,1638
1147,2120
1148,1525
1149,1707
1150,2083
1151,1794
1152,2614
1153,1326
1154,1699
1155,1450
1156,1260
1157,1210
1158,1405
1159,2529
1160,1266
1161,1646
1162,2651
1163,1355
1164,1786
1165,2612
1166,1988
1167,1526
1168,1432
1169,1712
1170,2404
1171,2485
1172,1891
1173,1419
1174,2261
1175,2132
1176,2058
1177,1428
1178,1834
1179,2455
1180,2219
1181,1655
1182,2233
1183,2108
1184,1312
1185,1545
1186,1195
1187,1183
1188,1331
1189,1673
1190,1350
1191,1289
1192,2215
1193,1782
1194,1700
1195,1549
1196,1554
1197,2331
1198,1873
1199,1359
1200,2521
1201,1868
1202,1211
1203,1213
1204,1524
1205,1753
1206,2503
1207,1675
1208,2199
1209,1622
1210,2126
1211,2519
1212,1490
1213,2045
1214,1541
1215,2392
1216,2518
1217,1236
1218,1512
1219,2343
1220,2145
1221,1792
1222,2140
1223,2567
1224,1809
1225,2582
1226,1676
1227,1613
1228,1932
1229,1918
1230,2626
1231,2267
1232,2033
1233,2352
1234,2488
1235,1457
1236,1563
1237,1564
1238,1353
1239,2572
1240,1578
1241,1558
1242,1983
1243,1682
1244,2207
1245,1347
1246,1427
1247,2372
1248,1500
1249,1938
1250,2006
1251,1481
1252,1343
1253,1623
1254,1764
1255,2544
1256,1534
1257,2112
1258,2001
1259,1577
1260,2447
1261,2174
1262,1827
1263,2062
1264,1421
1265,2613
1266,2516
1267,1664
1268,2646
1269,1305
1270,2332
1271,2477
1272,1642
1273,1814
1274,1241
1275,2255
1276,1672
1277,1496
1278,1414
1279,2361
1280,2581
1281,2047
1282,2525
1283,1641
1284,1901
1285,1330
1286,2429
1287,2243
1288,2019
1289,2505
1290,2386
1291,2290
1292,1989
1293,1954
1294,1242
1295,1917
1296,1848
1297,2570
1298,1344
1299,1238
1300,2030
1301,2403
1302,1945
1303,1309
1304,1875
1305,2650
1306,1253
1307,1437
1308,2550
1309,2161
1310,1218
1311,1590
1312,2157
1313,2089
1314,2238
1315,2079
1316,2113
1317,1713
1318,2049
1319,2044
1320,2420
1321,1951
1322,1417
1323,2074
1324,1842
1325,1727
1326,2035
1327,1982
1328,2183
1329,2385
1330,1802
1331,1903
1332,1296
1333,1789
1334,1204
1335,1652
1336,2127
1337,2254
1338,1540
1339,1477
1340,1936
1341,2302
1342,2326
1343,1174
1344,1426
1345,2542
1346,1194
1347,2097
1348,1840
1349,2547
1350,1178
1351,2383
1352,1173
1353,1468
1354,1402
1355,1723
1356,2523
1357,1300
1358,1685
1359,2389
1360,2299
1361,1663
1362,1536
1363,2654
1364,1858
1365,2020
1366,1503
1367,2187
1368,2168
1369,2458
1370,2307
1371,2575
1372,2500
1373,2055
1374,2173
1375,2380
1376,1972
1377,1569
1378,1640
1379,1308
1380,2184
1381,1469
1382,1730
1383,2131
1384,2341
1385,2440
1386,1681
1387,2569
1388,2294
1389,1559
1390,1617
1391,2322
1392,2379
1393,2558
1394,2615
1395,2590
1396,1907
1397,1774
1398,1505
1399,1600
1400,2273
1401,2229
1402,1720
1403,2053
1404,2305
1405,2013
1406,1799
1407,1170
1408,2463
1409,2537
1410,2275
1411,1715
1412,1287
1413,2072
1414,1390
1415,1781
1416,2153
1417,1777
1418,1874
1419,2571
1420,2063
1421,1212
1422,2310
1423,2530
1424,1889
1425,1645
1426,1436
1427,1914
1428,2323
1429,1470
1430,2042
1431,2025
1432,2364
1433,1608
1434,1854
1435,2222
1436,1969
1437,1456
1438,1349
1439,1188
1440,2430
1441,2441
1442,2374
1443,1474
1444,1660
1445,1435
1446,1729
1447,2210
1448,1603
1449,1284
1450,1740
1451,1591
1452,2288
1453,2599
1454,1486
1455,1501
1456,2104
1457,1766
1458,1288
1459,2088
1460,2432
1461,1271
1462,1381
1463,2043
1464,1910
1465,1444
1466,1584
1467,1234
1468,1981
1469,2123
1470,1478
1471,1621
1472,1878
1473,2337
1474,2163
1475,1899
1476,2260
1477,1583
1478,1763
1479,1357
1480,1531
1481,2109
1482,2573
1483,2069
1484,1592
1485,1530
1486,1272
1487,1479
1488,1561
1489,1852
1490,2280
1491,2150
1492,2377
1493,2548
1494,1264
1495,1392
1496,1985
1497,1542
1498,1568
1499,1200
1500,2536
1501,2028
1502,2220
1503,1866
1504,1785
1505,2467
1506,2583
1507,1378
1508,1843
1509,1464
1510,1475
1511,1881
1512,1686
1513,2193
1514,1619
1515,1317
1516,1596
1517,1832
1518,2158
1519,1711
1520,1732
1521,2107
1522,1445
1523,2096
1524,1295
1525,2242
1526,1543
1527,2465
1528,1551
1529,2249
1530,1275
1531,2363
1532,1734
1533,1240
1534,2495
1535,2492
1536,1835
1537,2061
1538,2633
1539,1279
1540,1425
1541,1654
1542,1992
1543,1351
1544,1217
1545,1804
1546,2304
1547,2165
1548,2391
1549,2327
1550,1254
1551,2433
1552,1207
1553,1749
1554,2431
1555,1497
1556,1722
1557,1980
1558,1229
1559,2246
1560,2152
1561,1267
1562,1244
1563,1909
1564,1960
1565,1779
1566,2451
1567,1434
1568,1955
1569,2134
1570,2316
1571,1339
1572,1807
1573,1599
1574,1719
1575,1821
1576,1968
1577,1697
1578,1964
1579,1669
1580,1208
1581,1484
1582,1443
1583,1922
1584,1171
1585,2325
1586,2394
1587,1943
1588,2149
1589,2461
1590,1805
1591,1757
1592,2014
1593,2239
1594,1894
1595,1303
1596,2388
1597,2401
1598,2117
1599,2167
1600,2513
1601,2387
1602,2264
1603,2342
1604,2340
1605,1957
1606,1987
1607,2642
1608,2251
1609,2399
1610,1626
1611,1995
1612,1812
1613,2435
1614,2382
1615,1684
1616,1725
1617,2472
1618,2237
1619,2056
1620,1810
1621,1647
1622,2508
1623,1770
1624,1667
1625,2462
1626,1971
1627,2504
1628,1701
1629,2576
1630,2603
1631,1415
1632,1605
1633,2648
1634,2474
1635,2015
1636,1935
1637,2407
1638,1602
1639,1492
1640,1494
1641,2408
1642,2066
1643,2154
1644,2038
1645,1466
1646,2618
1647,2497
1648,2551
1649,2195
1650,1651
1651,1504
1652,2185
1653,2240
1654,2171
1655,1822
1656,2556
1657,2178
1658,1187
1659,2413
1660,1752
1661,1639
1662,1384
1663,2258
1664,1962
1665,2051
1666,2230
1667,1319
1668,2289
1669,1818
1670,2417
1671,1197
1672,1913
1673,2628
1674,1736
1675,2534
1676,1627
1677,1994
1678,2330
1679,1565
1680,2301
1681,2115
1682,1797
1683,1356
1684,2635
1685,1998
1686,2586
1687,2094
1688,1625
1689,2568
1690,2629
1691,1340
1692,2553
1693,2202
1694,1407
1695,2252
1696,1487
1697,1790
1698,1806
1699,2453
1700,1227
1701,2293
1702,1665
1703,2142
1704,1418
1705,1485
1706,1514
1707,1380
1708,1231
1709,1791
1710,1709
1711,2459
1712,2345
1713,2565
1714,1180
1715,1929
1716,1538
1717,1315
1718,1519
1719,1375
1720,2067
1721,1573
1722,1366
1723,2201
1724,2286
1725,1864
1726,2484
1727,1220
1728,2318
1729,1453
1730,1460
1731,2075
1732,2645
1733,1926
1734,2627
1735,1776
1736,1970
1737,2630
1738,1884
1739,2250
1740,2090
1741,2425
1742,1321
1743,1230
1744,1861
1745,2321
1746,1528
1747,2205
1748,2400
1749,2557
1750,1586
1751,1765
1752,1186
1753,2596
1754,1286
1755,1775
1756,2198
1757,1560
1758,2032
1759,2281
1760,1193
1761,1189
1762,1243
1763,2080
1764,2192
1765,1931
1766,2439
1767,1762
1768,2004
1769,1721
1770,1657
1771,1346
1772,2071
1773,1409
1774,1847
1775,1388
1776,2155
1777,2159
1778,2506
1779,1838
1780,1601
1781,2509
1782,1859
1783,1911
1784,1796
1785,2087
1786,1516
1787,1423
1788,1459
1789,2514
1790,1533
1791,2278
1792,2138
1793,2081
1794,1733
1795,2256
1796,2259
1797,1737
1798,2609
1799,1196
1800,1489
1801,2469
1802,1724
1803,2018
1804,2029
1805,1984
1806,1589
1807,2276
1808,2527
1809,2241
1810,2354
1811,2384
1812,2147
1813,1892
1814,1575
1815,2235
1816,1365
1817,1978
1818,1334
1819,2539
1820,1400
1821,1377
1822,2604
1823,2616
1824,1741
1825,1257
1826,1677
1827,2348
1828,1745
1829,1813
1830,2584
1831,1680
1832,1961
1833,1387
1834,1379
1835,2338
1836,1912
1837,1905
1838,2357
1839,1329
1840,2647
1841,1787
1842,2595
1843,1290
1844,1898
1845,2130
1846,1635
1847,1869
1848,1235
1849,2563
1850,1755
1851,1304
1852,2282
1853,1702
1854,2284
1855,1201
1856,1896
1857,2405
1858,1522
1859,1263
1860,1976
1861,1307
1862,1744
1863,2166
1864,1940
1865,1862
1866,1532
1867,1648
1868,2601
1869,1499
1870,1760
1871,2419
1872,1323
1873,1239
1874,2416
1875,2481
1876,2172
1877,2070
1878,2355
1879,1448
1880,1404
1881,1520
1882,1572
1883,1949
1884,1965
1885,1991
1886,2580
1887,1916
1888,1567
1889,1919
1890,2265
1891,1616
1892,2162
1893,2393
1894,1358
1895,1495
1896,2231
1897,1793
1898,1604
1899,1248
1900,1906
1901,1953
1902,2041
1903,1256
1904,1252
1905,1237
1906,1696
1907,2617
1908,2085
1909,1930
1910,2164
1911,2077
1912,2052
1913,1363
1914,1203
1915,2531
1916,1395
1917,1314
1918,2247
1919,2003
1920,2512
1921,2471
1922,1708
1923,2367
1924,1830
1925,2449
1926,1362
1927,2228
1928,1611
1929,2068
1930,1278
1931,1372
1932,1694
1933,1890
1934,2151
1935,1342
1936,1820
1937,1411
1938,1885
1939,2298
1940,1219
1941,1373
1942,1597
1943,1162
1944,1513
1945,1507
1946,1823
1947,1383
1948,2048
1949,1783
1950,2632
1951,1537
1952,2268
1953,2414
1954,2078
1955,1361
1956,1772
1957,2182
1958,2418
1959,1167
1960,1644
1961,1412
1962,2426
1963,1320
1964,1555
1965,1480
1966,1883
1967,1222
1968,1245
1969,2225
1970,1336
1971,1386
1972,2102
1973,1297
1974,2476
1975,0
1976,0
1977,0
1978,0
1979,0
1980,0
1981,0
1982,0
1983,0
1984,0
1985,0
1986,0
1987,0
1988,0
1989,0
1990,0
1991,0
1992,0
1993,0
1994,0
1995,0
1996,0
1997,0
1998,0
1999,0
2000,0
1975,2473
1976,1865
1977,1659
1978,2591
1979,2313
1980,2317
1981,1582
1982,1668
1983,1161
1984,1491
1985,2443
1986,2483
1987,1588
1988,2285
1989,1216
1990,2631
1991,2446
1992,2099
1993,2479
1994,2116
1995,2390
1996,2490
1997,1502
1998,1431
1999,1850
2000,1629
2001,2552
2002,1632
2003,1394
2004,2146
2005,1338
2006,2639
2007,1311
2008,1851
2009,1449
2010,2466
2011,1841
2012,1815
2013,1795
2014,1825
2015,2623
2016,1332
2017,2314
2018,2208
2019,1273
2020,1615
2021,2312
2022,2000
2023,2344
2024,1693
2025,2450
2026,1829
2027,2136
2028,1920
2029,1633
2030,2579
2031,1169
2032,1181
2033,1979
2034,2295
2035,2638
2036,1233
2037,2376
2038,1628
2039,1612
2040,1674
2041,1179
2042,1671
2043,2409
2044,2156
2045,2114
2046,2437
2047,2359
2048,1389
2049,2121
2050,1977
2051,2143
2052,2533
2053,1510
2054,1202
2055,2234
2056,2245
2057,1756
2058,2496
2059,2624
2060,2608
2061,1535
2062,2118
2063,1352
2064,2371
2065,2034
2066,1937
2067,1570
2068,1784
2069,2073
2070,2333
2071,2212
2072,1904
2073,1857
2074,1946
2075,2358
2076,1773
2077,1997
2078,2257
2079,2620
2080,1624
2081,1302
2082,1337
2083,1705
2084,1367
2085,1509
2086,2528
2087,2214
2088,2574
2089,1291
2090,1828
2091,2649
2092,1692
2093,1731
2094,1399
2095,2291
2096,2236
2097,1876
2098,2188
2099,1360
2100,1269
2101,2086
2102,2644
2103,2181
2104,2039
2105,1156
2106,2434
2107,2334
2108,1653
2109,1371
2110,2017
2111,1562
2112,2368
2113,2296
2114,1406
2115,1839
2116,1221
2117,2454
2118,1581
2119,1175
2120,2511
2121,2402
2122,2186
2123,2328
2124,1735
2125,2460
2126,1975
2127,2105
2128,1607
2129,2406
2130,1683
2131,1324
2132,1553
2133,2510
2134,1746
2135,2336
2136,1767
2137,1933
2138,2190
2139,1826
2140,2021
2141,2641
2142,1277
2143,1761
2144,1247
2145,2605
2146,1282
2147,1299
2148,1521
2149,2545
2150,2522
2151,1159
2152,1887
2153,2011
2154,1882
2155,1215
2156,2621
2157,2625
2158,2593
2159,1816
2160,1416
2161,1769
2162,2422
2163,2360
2164,1199
2165,2303
2166,1863
2167,1853
2168,2319
2169,1587
2170,1594
2171,1369
2172,1348
2173,1294
2174,2266
2175,2012
2176,1397
2177,1703
2178,1990
2179,2546
2180,2652
2181,1939
2182,2103
2183,1446
2184,1471
2185,1574
2186,2606
2187,1967
2188,2622
2189,2023
2190,1246
2191,1410
2192,1837
2193,2007
2194,2124
2195,2050
2196,2244
2197,1462
2198,2381
2199,1928
2200,2395
2201,2489
2202,1758
2203,2026
2204,2415
2205,2640
2206,1506
2207,1690
2208,2577
2209,2370
2210,2526
2211,1963
2212,1566
2213,2607
2214,1819
2215,2549
2216,1768
2217,2634
2218,2002
2219,1897
2220,2532
2221,1368
2222,1498
2223,1739
2224,2493
2225,1292
2226,1908
2227,1860
2228,2478
2229,2141
2230,2040
2231,2054
2232,1716
2233,2356
2234,2270
2235,2224
2236,2253
2237,1192
2238,2093
2239,1743
2240,1224
2241,2211
2242,2005
2243,2283
2244,1856
2245,2507
2246,2133
2247,1571
2248,2223
2249,2191
2250,1557
2251,1316
2252,1393
2253,2232
2254,1515
2255,2227
2256,1754
2257,1467
2258,2502
2259,2578
2260,1872
2261,2216
2262,1824
2263,1176
2264,2427
2265,2349
2266,1871
2267,1529
2268,1160
2269,1550
2270,1270
2271,2177
2272,1585
2273,2128
2274,2292
2275,2515
2276,2566
2277,1879
2278,1488
2279,1704
2280,2179
2281,2315
2282,2535
2283,1798
2284,1157
2285,1268
2286,2027
2287,1306
2288,1836
2289,2300
2290,2091
2291,2106
2292,1958
2293,1880
2294,1579
2295,1580
2296,2175
2297,1206
2298,2262
2299,2600
2300,2421
2301,1274
2302,1461
2303,1717
2304,2206
2305,1606
2306,1430
2307,2564
2308,1438
2309,1556
2310,2636
2311,1658
2312,1634
2313,2125
2314,1440
2315,1544
2316,1517
2317,1158
2318,2084
2319,1886
2320,1168
2321,1748
2322,1184
2323,1888
2324,1325
2325,1714
2326,1817
2327,1313
2328,1280
2329,2555
2330,1265
2331,1172
2332,2541
2333,1870
2334,2065
2335,2494
2336,2196
2337,2129
2338,2197
2339,1973
2340,1811
2341,2444
2342,1408
2343,2311
2344,2457
2345,1670
2346,2470
2347,2643
2348,1298
2349,2036
2350,1637
2351,2274
2352,1915
2353,1650
2354,2335
2355,1800
2356,2378
2357,1413
2358,1385
2359,2353
2360,2119
2361,1527
2362,1223
2363,2339
2364,1226
2365,2397
2366,2350
2367,1250
2368,2362
2369,2436
2370,1398
2371,1803
2372,1661
2373,1986
2374,2412
2375,1925
2376,2287
2377,1249
2378,2010
2379,1177
2380,1877
2381,1552
2382,2297
2383,1771
2384,1959
2385,2499
2386,2543
2387,1539
2388,1759
2389,1747
2390,1974
2391,2347
2392,1482
2393,1546
2394,2491
2395,1993
2396,1422
2397,2046
2398,2619
2399,2588
2400,1788
2401,1923
2402,2562
2403,1855
2404,2517
2405,2602
2406,2366
2407,1867
2408,2585
2409,1751
2410,2272
2411,1232
2412,1465
2413,1225
2414,1895
2415,1403
2416,1451
2417,2589
2418,1593
2419,2098
2420,1258
2421,1301
2422,1518
2423,2637
2424,1376
2425,2170
2426,1401
2427,1255
2428,1934
2429,2487
2430,1996
2431,1382
2432,1370
2433,2148
2434,1831
2435,1420
2436,2309
2437,1618
2438,2101
2439,1927
2440,1511
2441,1276
2442,2160
2443,1209
2444,1391
2445,1333
2446,2598
2447,2560
2448,1328
2449,1429
2450,2597
2451,1846
2452,1687
2453,2279
2454,1463
2455,2024
2456,2540
2457,1493
2458,2468
2459,1310
2460,1636
2461,1547
2462,2482
2463,2456
2464,2137
2465,2271
2466,1924
2467,2218
2468,1281
2469,2189
2470,2324
2471,1893
2472,2016
2473,2194
2474,1695
2475,1433
2476,1649
2477,1999
2478,2346
2479,1548
2480,1483
2481,1808
2482,2411
2483,2498
2484,1662
2485,1454
2486,2520
2487,1576
2488,2410
2489,1689
2490,1262
2491,1679
2492,1508
2493,1327
2494,1950
2495,1261
2496,1726
2497,1942
2498,2369
2499,1656
2500,1738
2501,1728
2502,1902
2503,2559
2504,2524
2505,2008
2506,2248
2507,1364
2508,2428
2509,1944
2510,1609
2511,2092
2512,1205
2513,1214
2514,2059
2515,2653
2516,2396
2517,1191
2518,1833
2519,1190
2520,1631
2521,2538
2522,2180
2523,2308
2524,2200
2525,1610
2526,4202
2527,8899
2528,9346
2529,9662
2530,5823
2531,6283
2532,8995
2533,9639
2534,7670
2535,3763
2536,4402
2537,5041
2538,6609
2539,2656
2540,8081
2541,9670
2542,8102
2543,6538
2544,6227
2545,7194
2546,8998
2547,3521
2548,5475
2549,5234
2550,7113
2551,5826
2552,3872
2553,7202
2554,3450
2555,6042
2556,5118
2557,9000
2558,8808
2559,5135
2560,4600
2561,3840
2562,6766
2563,4555
2564,7193
2565,3015
2566,8273
2567,5526
2568,8141
2569,6784
2570,8592
2571,2974
2572,0
2573,5167
2574,8755
2575,4649
2576,8299
2577,7380
2578,6586
2579,2881
2580,0
2581,6756
2582,9239
2583,7594
2584,5707
2585,8985
2586,7733
2587,7399
2588,0
2589,8983
2590,7143
2591,5312
2592,8257
2593,5099
2594,8208
2595,4989
2596,8176
2597,3665
2598,5483
2599,5880
2600,2660
2601,5076
2602,2935
2603,5715
2604,6438
2605,4161
2606,4296
2607,4942
2608,7253
2609,4609
2610,5582
2611,9266
2612,8398
2613,7405
2614,4624
2615,4014
2616,8746
2617,7176
2618,3215
2619,6709
2620,7367
2621,5274
2622,2987
2623,9483
2624,6520
2625,8716
2626,8488
2627,9301
2628,9032
2629,2810
2630,7550
2631,8238
2632,8126
2633,4082
2634,7706
2635,8202
2636,6847
2637,3711
2638,6796
2639,7762
2640,5809
2641,4716
2642,3172
2643,3788
2644,9241
2645,6571
2646,3232
2647,6894
2648,4503
2649,6023
2650,5958
2651,3936
2652,4974
2653,8241
2654,8727
2655,9523
2656,5890
2657,9706
2658,5442
2659,8361
2660,3223
2661,3403
2662,6833
2663,8434
2664,9246
2665,9071
2666,8598
2667,8090
2668,3661
2669,5634
2670,8910
2671,9255
2672,9234
2673,7128
2674,4116
2675,5062
2676,3066
2677,6773
2678,4401
2679,3388
2680,4179
2681,5163
2682,3423
2683,7358
2684,7692
2685,9406
2686,7018
2687,8293
2688,6007
2689,3589
2690,7567
2691,5425
2692,3703
2693,3426
2694,8213
2695,7006
2696,2738
2697,4664
2698,4237
2699,4025
2700,5360
2701,8720
2702,9650
2703,4283
2704,6852
2705,4354
2706,6096
2707,7252
2708,5746
2709,9599
2710,9551
2711,5441
2712,8624
2713,6169
2714,9005
2715,7165
2716,7298
2717,8955
2718,4665
2719,7306
2720,4113
2721,9633
2722,6212
2723,3258
2724,5904
2725,3995
2726,3841
2727,8659
2728,9595
2729,5115
2730,2686
2731,5485
2732,6250
2733,9411
2734,4156
2735,4374
2736,3250
2737,5337
2738,4755
2739,7324
2740,3468
2741,7780
2742,4294
2743,6686
2744,5654
2745,8844
2746,3532
2747,8080
2748,6258
2749,5983
2750,5824
2751,9140
2752,9489
2753,7978
2754,8928
2755,5217
2756,8358
2757,6093
2758,2997
2759,6043
2760,2668
2761,7469
2762,3086
2763,4330
2764,5150
2765,7953
2766,4978
2767,8205
2768,9591
2769,9308
2770,6836
2771,4428
2772,7717
2773,3863
2774,4542
2775,5665
2776,7205
2777,8915
2778,7547
2779,7723
2780,7184
2781,3260
2782,3715
2783,8812
2784,0
2785,3755
2786,9036
2787,3554
2788,8499
2789,4892
2790,5477
2791,8789
2792,7320
2793,3105
2794,4845
2795,5122
2796,9151
2797,6411
2798,3071
2799,5114
2800,6865
2801,4463
2802,5124
2803,9268
2804,2756
2805,6921
2806,8297
2807,6864
2808,6162
2809,8663
2810,3543
2811,4629
2812,6511
2813,8896
2814,2904
2815,6200
2816,8919
2817,6916
2818,9218
2819,4643
2820,6468
2821,5359
2822,5007
2823,3159
2824,8861
2825,9352
2826,6282
2827,7447
2828,8678
2829,8245
2830,9210
2831,7713
2832,8411
2833,7368
2834,3725
2835,7391
2836,0
2837,8087
2838,7943
2839,6068
2840,7904
2841,3507
2842,8387
2843,2866
2844,6914
2845,7251
2846,0
2847,6309
2848,8384
2849,5830
2850,9661
2851,5080
2852,4912
2853,5694
2854,6614
2855,9066
2856,4799
2857,5758
2858,4265
2859,6518
2860,3265
2861,4442
2862,0
2863,3205
2864,9715
2865,4758
2866,7804
2867,3523
2868,7137
2869,4048
2870,8472
2871,7305
2872,5699
2873,7066
2874,5510
2875,6810
2876,6391
2877,8568
2878,5834
2879,8936
2880,9529
2881,7611
2882,7192
2883,8965
2884,2759
2885,3184
2886,6717
2887,2928
2888,8491
2889,3325
2890,5047
2891,4001
2892,9289
2893,0
2894,0
2895,9004
2896,4245
2897,6406
2898,9637
2899,3671
2900,8497
2901,8158
2902,8933
2903,5458
2904,5411
2905,6710
2906,5682
2907,7392
2908,7824
2909,7133
2910,6526
2911,6060
2912,4425
2913,6698
2914,5063
2915,6837
2916,9453
2917,6134
2918,3966
2919,7086
2920,9634
2921,4215
2922,6109
2923,9690
2924,7409
2925,3938
2926,8884
2927,3395
2928,6932
2929,2750
2930,7858
2931,8099
2932,6497
2933,4710
2934,6730
2935,6394
2936,8199
2937,4721
2938,8705
2939,6535
2940,3072
2941,0
2942,7333
2943,0
2944,8042
2945,9536
2946,5383
2947,8267
2948,5464
2949,6002
2950,8611
2951,3977
2952,4311
2953,3194
2954,9400
2955,3777
2956,5172
2957,8805
2958,5367
2959,4457
2960,8685
2961,3361
2962,6315
2963,4769
2964,3462
2965,7763
2966,4150
2967,3503
2968,5772
2969,8737
2970,3606
2971,6305
2972,9691
2973,2921
2974,7372
2975,5774
2976,4671
2977,2959
2978,8353
2979,7180
2980,4475
2981,5547
2982,4340
2983,7535
2984,3115
2985,9408
2986,6767
2987,8052
2988,4109
2989,6214
2990,8067
2991,6641
2992,8772
2993,6592
2994,9116
2995,6148
2996,3544
2997,9623
2998,7963
2999,3277
3000,8465
3001,8697
3002,3048
3003,9097
3004,6561
3005,5125
3006,8206
3007,8653
3008,7273
3009,7951
3010,9055
3011,4830
3012,4187
3013,3289
3014,4787
3015,6345
3016,5603
3017,3267
3018,4013
3019,9083
3020,7618
3021,7286
3022,3224
3023,5226
3024,8959
3025,4827
3026,9020
3027,3074
3028,5962
3029,4922
3030,4745
3031,4805
3032,8222
3033,3540
3034,4669
3035,7786
3036,8656
3037,4864
3038,4162
3039,5652
3040,8645
3041,8761
3042,5358
3043,4439
3044,7051
3045,8649
3046,4444
3047,3691
3048,5009
3049,4689
3050,9038
3051,7674
3052,4352
3053,4554
3054,2891
3055,6240
3056,6970
3057,6547
3058,5656
3059,3991
3060,4208
3061,8030
3062,4907
3063,4924
3064,6361
3065,4251
3066,6601
3067,6619
3068,4160
3069,6301
3070,3344
3071,7853
3072,3994
3073,3189
3074,3371
3075,6485
3076,8366
3077,8338
3078,6039
3079,3033
3080,6376
3081,6545
3082,8162
3083,6322
3084,8047
3085,9349
3086,4779
3087,3870
3088,3083
3089,6353
3090,4495
3091,9597
3092,5101
3093,3993
3094,4904
3095,6190
3096,4285
3097,3672
3098,3721
3099,7021
3100,3707
3101,3653
3102,3934
3103,8963
3104,5160
3105,7071
3106,5249
3107,6066
3108,4256
3109,8104
3110,8770
3111,6727
3112,7383
3113,3146
3114,3639
3115,4385
3116,4128
3117,8278
3118,4297
3119,0
3120,3418
3121,7060
3122,7512
3123,5257
3124,3069
3125,2869
3126,6084
3127,6416
3128,3739
3129,8404
3130,4336
3131,8695
3132,2714
3133,8840
3134,8682
3135,3767
3136,4023
3137,7787
3138,7544
3139,7470
3140,6010
3141,8443
3142,9031
3143,6716
3144,6045
3145,6311
3146,6850
3147,3499
3148,6656
3149,5350
3150,9216
3151,8715
3152,6919
3153,5785
3154,4887
3155,4017
3156,4312
3157,8289
3158,4550
3159,9119
3160,2890
3161,4685
3162,7969
3163,6590
3164,7942
3165,5082
3166,7846
3167,3485
3168,5213
3169,5320
3170,9102
3171,6137
3172,3263
3173,8142
3174,8520
3175,8410
3176,4383
3177,7186
3178,8639
3179,4682
3180,8651
3181,9716
3182,3965
3183,7094
3184,3444
3185,9238
3186,4281
3187,7234
3188,6907
3189,4015
3190,7575
3191,7123
3192,4430
3193,6664
3194,5317
3195,3956
3196,2749
3197,5035
3198,6801
3199,5244
3200,5020
3201,7735
3202,6944
3203,3396
3204,3192
3205,5678
3206,6236
3207,9698
3208,8999
3209,7017
3210,4888
3211,2889
3212,6404
3213,7530
3214,3621
3215,9554
3216,7015
3217,9173
3218,6898
3219,6175
3220,7290
3221,8438
3222,9531
3223,9522
3224,8331
3225,5400
3226,7027
3227,9509
3228,3175
3229,5164
3230,8879
3231,7145
3232,7562
3233,5544
3234,8060
3235,3828
3236,7085
3237,7293
3238,4874
3239,6867
3240,5521
3241,8733
3242,4214
3243,4735
3244,8943
3245,4614
3246,2965
3247,4749
3248,6645
3249,7548
3250,7833
3251,7267
3252,7151
3253,3782
3254,8461
3255,5048
3256,2929
3257,6082
3258,3999
3259,3900
3260,3557
3261,4499
3262,7213
3263,8112
3264,6711
3265,7150
3266,7984
3267,3259
3268,8370
3269,4322
3270,0
3271,5365
3272,8288
3273,9613
3274,2747
3275,9376
3276,9648
3277,8258
3278,2809
3279,4278
3280,8359
3281,8046
3282,4598
3283,4770
3284,5161
3285,8268
3286,3609
3287,6824
3288,4264
3289,9723
3290,8447
3291,3604
3292,4091
3293,4953
3294,8143
3295,4154
3296,7222
3297,3513
3298,7438
3299,5803
3300,4142
3301,5336
3302,3487
3303,5985
3304,6893
3305,3508
3306,5752
3307,8198
3308,8301
3309,3341
3310,3678
3311,9615
3312,5780
3313,5725
3314,7690
3315,6321
3316,3569
3317,2758
3318,7075
3319,8056
3320,2782
3321,4651
3322,9307
3323,6110
3324,6783
3325,6602
3326,7047
3327,8537
3328,4482
3329,5239
3330,7452
3331,5573
3332,8040
3333,7669
3334,4588
3335,9678
3336,4582
3337,2708
3338,5474
3339,7606
3340,3599
3341,3275
3342,3241
3343,6083
3344,7157
3345,7336
3346,7281
3347,3930
3348,4219
3349,2874
3350,6696
3351,9450
3352,5189
3353,9225
3354,3737
3355,7432
3356,4619
3357,2711
3358,5924
3359,7615
3360,7880
3361,5681
3362,5451
3363,7365
3364,3310
3365,5906
3366,3996
3367,7441
3368,6856
3369,3182
3370,3053
3371,2778
3372,6021
3373,7678
3374,9203
3375,9609
3376,7776
3377,4740
3378,9231
3379,8383
3380,3742
3381,3556
3382,4043
3383,5402
3384,7129
3385,8394
3386,8515
3387,4108
3388,3947
3389,4299
3390,7393
3391,3369
3392,4346
3393,9236
3394,3390
3395,4778
3396,5740
3397,6037
3398,3564
3399,7050
3400,7993
3401,7092
3402,7887
3403,5152
3404,5685
3405,0
3406,6866
3407,3111
3408,4398
3409,3988
3410,7932
3411,9485
3412,4613
3413,4936
3414,2945
3415,4523
3416,3392
3417,8460
3418,6036
3419,5733
3420,8253
3421,8508
3422,7957
3423,3498
3424,8343
3425,3826
3426,5566
3427,6141
3428,2742
3429,7212
3430,7507
3431,0
3432,8231
3433,5356
3434,4837
3435,4247
3436,3925
3437,8296
3438,8743
3439,5139
3440,7183
3441,4185
3442,8346
3443,4348
3444,5588
3445,6152
3446,8558
3447,3912
3448,6455
3449,2783
3450,8294
3451,6570
3452,3272
3453,8123
3454,7757
3455,4627
3456,0
3457,5804
3458,3496
3459,3039
3460,3110
3461,6715
3462,5704
3463,7315
3464,5984
3465,8848
3466,6410
3467,4706
3468,4365
3469,9447
3470,4255
3471,2954
3472,7974
3473,6088
3474,9044
3475,3047
3476,7450
3477,8692
3478,7693
3479,6639
3480,5254
3481,8647
3482,4602
3483,6460
3484,4078
3485,4164
3486,9022
3487,4528
3488,7920
3489,4058
3490,3026
3491,6839
3492,5055
3493,3859
3494,0
3495,3475
3496,5473
3497,4500
3498,4898
3499,7794
3500,8828
3501,7648
3502,6426
3503,3411
3504,5149
3505,8871
3506,7364
3507,8004
3508,7203
3509,2973
3510,9636
3511,3065
3512,2787
3513,9588
3514,5586
3515,7860
3516,5750
3517,7933
3518,3898
3519,7557
3520,4148
3521,8635
3522,5201
3523,5297
3524,5739
3525,8015
3526,7011
3527,5571
3528,4803
3529,9079
3530,3856
3531,3614
3532,7494
3533,7119
3534,7022
3535,6113
3536,5643
3537,5333
3538,8009
3539,0
3540,3689
3541,5340
3542,4436
3543,5286
3544,5580
3545,6165
3546,6028
3547,7870
3548,9496
3549,9576
3550,4782
3551,4667
3552,4363
3553,5186
3554,2797
3555,2764
3556,9351
3557,7952
3558,7781
3559,6665
3560,7504
3561,5596
3562,6225
3563,6124
3564,3595
3565,8168
3566,4224
3567,8121
3568,4502
3569,7555
3570,7999
3571,2788
3572,3719
3573,3858
3574,6170
3575,7214
3576,4107
3577,6945
3578,5463
3579,9057
3580,6917
3581,8514
3582,3727
3583,9296
3584,8530
3585,3354
3586,4981
3587,2815
3588,6513
3589,8960
3590,4859
3591,6816
3592,3409
3593,8553
3594,9291
3595,3891
3596,7525
3597,8225
3598,2979
3599,5839
3600,7458
3601,7926
3602,5162
3603,5887
3604,9475
3605,5959
3606,4437
3607,5763
3608,6697
3609,2751
3610,5953
3611,7796
3612,3101
3613,8407
3614,9476
3615,5052
3616,6246
3617,9358
3618,9409
3619,4601
3620,5934
3621,4249
3622,9655
3623,8883
3624,8725
3625,7844
3626,2732
3627,5351
3628,4270
3629,3012
3630,7617
3631,3359
3632,6482
3633,4871
3634,8381
3635,9133
3636,4221
3637,4288
3638,5277
3639,9624
3640,4783
3641,4751
3642,6143
3643,7244
3644,5863
3645,9669
3646,7080
3647,5176
3648,5849
3649,3944
3650,4369
3651,5667
3652,3902
3653,8192
3654,7478
3655,3020
3656,5342
3657,5964
3658,5945
3659,6293
3660,5664
3661,4062
3662,9150
3663,6005
3664,7345
3665,3276
3666,8608
3667,9480
3668,6436
3669,8203
3670,4027
3671,3605
3672,3960
3673,7549
3674,0
3675,4768
3676,6146
3677,8348
3678,5680
3679,9009
3680,4355
3681,4141
3682,9226
3683,7465
3684,5506
3685,8006
3686,8721
3687,3170
3688,7416
3689,8782
3690,7477
3691,3353
3692,6196
3693,6094
3694,8534
3695,4539
3696,7067
3697,5145
3698,6333
3699,2972
3700,4724
3701,5620
3702,2770
3703,8868
3704,5313
3705,7736
3706,2667
3707,2966
3708,3776
3709,7814
3710,9075
3711,8462
3712,5255
3713,3625
3714,7355
3715,6065
3716,9284
3717,6298
3718,8435
3719,3613
3720,5435
3721,6551
3722,9123
3723,8797
3724,6521
3725,4008
3726,5687
3727,8218
3728,6719
3729,7486
3730,4201
3731,4041
3732,6067
3733,0
3734,6985
3735,8644
3736,5103
3737,5545
3738,9061
3739,8719
3740,4228
3741,7715
3742,3308
3743,4654
3744,5821
3745,3608
3746,5444
3747,9594
3748,6080
3749,6841
3750,5427
3751,3787
3752,3257
3753,6221
3754,3992
3755,2846
3756,6058
3757,6846
3758,8360
3759,5459
3760,6746
3761,8431
3762,7247
3763,0
3764,6077
3765,7521
3766,7263
3767,3099
3768,8032
3769,4479
3770,5120
3771,6350
3772,7276
3773,6173
3774,7446
3775,7687
3776,7443
3777,3559
3778,7775
3779,5316
3780,5184
3781,4182
3782,7454
3783,4512
3784,7403
3785,2942
3786,4903
3787,2722
3788,7655
3789,7424
3790,8019
3791,7254
3792,6964
3793,5866
3794,6636
3795,7897
3796,7937
3797,4104
3798,9653
3799,5156
3800,8738
3801,7958
3802,7764
3803,8536
3804,7640
3805,4791
3806,4206
3807,7719
3808,3374
3809,2791
3810,6949
3811,7913
3812,4293
3813,7408
3814,4081
3815,3090
3816,9419
3817,6008
3818,4269
3819,7916
3820,8637
3821,6966
3822,6387
3823,9149
3824,6851
3825,4356
3826,8456
3827,6942
3828,3778
3829,7073
3830,4515
3831,4890
3832,7087
3833,7829
3834,3180
3835,0
3836,9213
3837,9386
3838,5997
3839,7031
3840,2893
3841,5854
3842,0
3843,7991
3844,2897
3845,8786
3846,4391
3847,7125
3848,9313
3849,7879
3850,6821
3851,6104
3852,6661
3853,5370
3854,7509
3855,2964
3856,8804
3857,6153
3858,3808
3859,3375
3860,8022
3861,4422
3862,3063
3863,3908
3864,9003
3865,6883
3866,7613
3867,6275
3868,3327
3869,7552
3870,4632
3871,5789
3872,3612
3873,3751
3874,0
3875,9098
3876,6181
3877,7308
3878,9016
3879,2673
3880,8154
3881,8806
3882,6441
3883,2990
3884,8570
3885,6507
3886,9433
3887,8382
3888,2880
3889,8493
3890,8528
3891,7000
3892,7628
3893,9245
3894,4540
3895,3064
3896,8341
3897,4673
3898,6304
3899,2962
3900,3036
3901,2903
3902,3761
3903,7317
3904,4982
3905,7710
3906,9502
3907,3413
3908,6287
3909,6128
3910,5306
3911,7996
3912,3055
3913,4063
3914,5600
3915,8860
3916,3712
3917,9259
3918,8079
3919,4019
3920,3132
3921,9353
3922,9729
3923,6219
3924,4309
3925,8237
3926,7729
3927,3362
3928,8400
3929,5256
3930,7109
3931,5259
3932,7225
3933,8337
3934,4021
3935,8118
3936,8952
3937,2901
3938,4484
3939,3501
3940,5660
3941,5684
3942,8479
3943,0
3944,3773
3945,5833
3946,7960
3947,3161
3948,7772
3949,4376
3950,6138
3951,8664
3952,9486
3953,5926
3954,8833
3955,7918
3956,8316
3957,6101
3958,7652
3959,5663
3960,3531
3961,8111
3962,5434
3963,6142
3964,7309
3965,7287
3966,9468
3967,8048
3968,8565
3969,6296
3970,8034
3971,8601
3972,9321
3973,4511
3974,5335
3975,4501
3976,7784
3977,3010
3978,8623
3979,4038
3980,6450
3981,3476
3982,5276
3983,8424
3984,6712
3985,7152
3986,3878
3987,2834
3988,3028
3989,7059
3990,6768
3991,6581
3992,3601
3993,5030
3994,8838
3995,7070
3996,4640
3997,7142
3998,9069
3999,7746
4000,5262
4001,3852
4002,9343
4003,8563
4004,3645
4005,4193
4006,2812
4007,6541
4008,6253
4009,7809
4010,4318
4011,3578
4012,6918
4013,9415
4014,5268
4015,0
4016,8474
4017,6352
4018,6503
4019,7961
4020,6566
4021,4273
4022,7528
4023,4197
4024,2703
4025,0
4026,7727
4027,7321
4028,3114
4029,8420
4030,8882
4031,3792
4032,6097
4033,7266
4034,8658
4035,8640
4036,4696
4037,5479
4038,8179
4039,5919
4040,5050
4041,6705
4042,4157
4043,3529
4044,6745
4045,9104
4046,8796
4047,5604
4048,7728
4049,6189
4050,9557
4051,4508
4052,4663
4053,6204
4054,4326
4055,3113
4056,5491
4057,7294
4058,8683
4059,3967
4060,3320
4061,7179
4062,7457
4063,8445
4064,7058
4065,7988
4066,4972
4067,9107
4068,7987
4069,8190
4070,9722
4071,4188
4072,5278
4073,4856
4074,6417
4075,7274
4076,3551
4077,7069
4078,8567
4079,7709
4080,6337
4081,8759
4082,9545
4083,8605
4084,2775
4085,9668
4086,3738
4087,7376
4088,0
4089,4295
4090,2820
4091,8037
4092,4921
4093,3124
4094,8902
4095,5454
4096,7595
4097,9089
4098,8890
4099,3314
4100,8025
4101,4870
4102,9542
4103,7299
4104,4377
4105,9145
4106,7388
4107,9524
4108,7474
4109,9118
4110,3732
4111,4840
4112,7979
4113,8430
4114,5232
4115,2873
4116,3596
4117,9051
4118,9228
4119,3414
4120,3824
4121,8846
4122,8247
4123,8552
4124,3524
4125,8811
4126,5403
4127,2828
4128,8220
4129,8723
4130,9369
4131,8292
4132,8749
4133,2920
4134,8098
4135,5457
4136,2807
4137,3231
4138,3407
4139,4929
4140,2841
4141,5225
4142,6203
4143,5218
4144,5612
4145,2870
4146,8319
4147,6962
4148,8575
4149,5835
4150,4915
4151,3887
4152,5783
4153,7162
4154,9660
4155,9339
4156,6278
4157,3497
4158,9244
4159,7394
4160,4684
4161,4033
4162,6243
4163,8897
4164,9465
4165,4771
4166,9250
4167,2941
4168,4599
4169,2968
4170,3560
4171,9017
4172,8229
4173,4213
4174,8157
4175,8269
4176,4075
4177,3575
4178,5503
4179,2922
4180,2693
4181,6272
4182,7703
4183,5703
4184,9394
4185,4217
4186,7861
4187,8163
4188,4833
4189,8055
4190,7828
4191,5760
4192,5630
4193,4963
4194,2806
4195,9558
4196,4153
4197,5800
4198,9630
4199,6832
4200,7371
4201,9538
4202,6695
4203,8708
4204,7542
4205,7019
4206,6257
4207,3538
4208,8585
4209,6968
4210,4090
4211,5343
4212,9443
4213,3233
4214,2692
4215,9429
4216,2888
4217,4908
4218,6838
4219,4053
4220,3013
4221,3049
4222,5248
4223,4068
4224,4498
4225,9350
4226,5318
4227,9608
4228,9364
4229,7537
4230,6989
4231,6569
4232,7905
4233,8409
4234,3405
4235,3471
4236,4039
4237,7902
4238,8690
4239,5263
4240,2845
4241,9049
4242,0
4243,2792
4244,9702
4245,9361
4246,3108
4247,7560
4248,3982
4249,7063
4250,8254
4251,9248
4252,7257
4253,7873
4254,6558
4255,2885
4256,5032
4257,7009
4258,4106
4259,4557
4260,0
4261,9130
4262,3832
4263,3367
4264,6498
4265,4087
4266,3862
4267,4984
4268,5917
4269,3089
4270,7081
4271,3358
4272,4080
4273,2856
4274,9327
4275,6090
4276,2913
4277,4743
4278,4543
4279,6906
4280,2908
4281,7554
4282,2781
4283,4611
4284,8159
4285,3106
4286,9247
4287,5036
4288,3700
4289,4739
4290,3516
4291,3018
4292,5950
4293,3419
4294,5250
4295,6617
4296,3150
4297,4004
4298,4661
4299,8327
4300,6027
4301,6340
4302,7107
4303,2753
4304,6229
4305,8274
4306,3983
4307,8730
4308,3449
4309,3212
4310,8470
4311,7200
4312,4744
4313,3744
4314,6318
4315,9503
4316,5808
4317,5868
4318,8541
4319,7604
4320,3771
4321,9314
4322,6855
4323,8654
4324,7139
4325,6312
4326,4492
4327,9510
4328,3814
4329,7147
4330,5827
4331,2907
4332,7725
4333,5534
4334,6514
4335,5003
4336,2811
4337,5812
4338,7259
4339,4446
4340,7074
4341,8542
4342,6657
4343,3650
4344,8251
4345,3610
4346,9163
4347,8859
4348,5438
4349,2683
4350,6564
4351,6704
4352,4054
4353,4125
4354,5497
4355,5635
4356,4382
4357,2691
4358,9146
4359,4804
4360,8277
4361,4678
4362,4583
4363,6299
4364,6041
4365,5675
4366,3051
4367,8778
4368,2821
4369,3970
4370,8189
4371,5401
4372,3631
4373,3923
4374,7049
4375,4889
4376,4829
4377,9096
4378,4962
4379,3990
4380,6829
4381,3989
4382,3278
4383,7676
4384,7836
4385,8386
4386,0
4387,2825
4388,8007
4389,4727
4390,7766
4391,7012
4392,4747
4393,3779
4394,2752
4395,6731
4396,7398
4397,3262
4398,8878
4399,8741
4400,4093
4401,6553
4402,0
4403,2829
4404,5814
4405,5535
4406,6667
4407,4905
4408,2915
4409,7471
4410,6425
4411,4481
4412,6176
4413,4258
4414,4095
4415,8374
4416,8509
4417,4966
4418,6194
4419,4760
4420,2886
4421,8043
4422,9027
4423,5017
4424,4334
4425,5227
4426,7742
4427,4823
4428,4626
4429,8480
4430,7379
4431,8573
4432,3252
4433,3397
4434,4209
4435,4366
4436,5723
4437,2909
4438,7414
4439,2835
4440,3469
4441,4872
4442,4133
4443,5229
4444,4956
4445,7793
4446,3765
4447,5686
4448,2899
4449,3555
4450,5404
4451,2939
4452,7190
4453,4927
4454,4199
4455,8958
4456,3760
4457,4453
4458,5494
4459,3094
4460,7233
4461,7100
4462,6213
4463,5981
4464,6231
4465,6671
4466,4589
4467,5570
4468,3636
4469,6882
4470,8662
4471,3877
4472,4135
4473,3928
4474,9416
4475,9312
4476,8638
4477,8661
4478,4388
4479,8071
4480,8311
4481,5765
4482,3843
4483,7511
4484,9292
4485,4757
4486,5608
4487,4767
4488,9506
4489,3668
4490,5662
4491,6977
4492,7473
4493,3509
4494,7312
4495,4728
4496,3897
4497,6765
4498,5864
4499,5049
4500,6478
4501,6151
4502,5170
4503,4260
4504,8196
4505,5787
4506,3933
4507,4216
4508,3312
4509,4324
4510,3008
4511,8453
4512,0
4513,5574
4514,7994
4515,8503
4516,3202
4517,8122
4518,5408
4519,5601
4520,9401
4521,3701
4522,7427
4523,4668
4524,0
4525,0
4526,8221
4527,2970
4528,7848
4529,5083
4530,3817
4531,9155
4532,4267
4533,5907
4534,9344
4535,6515
4536,9600
4537,4445
4538,5043
4539,4726
4540,2822
4541,7448
4542,6799
4543,8369
4544,3640
4545,5373
4546,6771
4547,3153
4548,3321
4549,6342
4550,8324
4551,9727
4552,8072
4553,9056
4554,4817
4555,3271
4556,6927
4557,4853
4558,4756
4559,3892
4560,7013
4561,8326
4562,4697
4563,3093
4564,7751
4565,4790
4566,3550
4567,6489
4568,2950
4569,6817
4570,3248
4571,6563
4572,9574
4573,4155
4574,9718
4575,8044
4576,4210
4577,6252
4578,3448
4579,6491
4580,4930
4581,9095
4582,2662
4583,3239
4584,4944
4585,9377
4586,6167
4587,6372
4588,8385
4589,8597
4590,6249
4591,7357
4592,3520
4593,8064
4594,6955
4595,9084
4596,3060
4597,4072
4598,4189
4599,3351
4600,5525
4601,8991
4602,5302
4603,5074
4604,0
4605,5881
4606,0
4607,6834
4608,5923
4609,2772
4610,6378
4611,7374
4612,5914
4613,5405
4614,8784
4615,7108
4616,7694
4617,7580
4618,3750
4619,9184
4620,6059
4621,8309
4622,2816
4623,3287
4624,4359
4625,9405
4626,2877
4627,9414
4628,6739
4629,4948
4630,9103
4631,6419
4632,5653
4633,8939
4634,8795
4635,4854
4636,4012
4637,4902
4638,9144
4639,7114
4640,7174
4641,6663
4642,6761
4643,8849
4644,2657
4645,2999
4646,3432
4647,4200
4648,5552
4649,6959
4650,9204
4651,7084
4652,8014
4653,8802
4654,8572
4655,9580
4656,8506
4657,6171
4658,2727
4659,9258
4660,5991
4661,3786
4662,9232
4663,3420
4664,4945
4665,6280
4666,3899
4667,4707
4668,3834
4669,4734
4670,3067
4671,3316
4672,5355
4673,4130
4674,3206
4675,7131
4676,8100
4677,4124
4678,5644
4679,3830
4680,3746
4681,3383
4682,5543
4683,9587
4684,9699
4685,7375
4686,7816
4687,4538
4688,6937
4689,7479
4690,4683
4691,6544
4692,4987
4693,3759
4694,9494
4695,7449
4696,9726
4697,8521
4698,6407
4699,4789
4700,8989
4701,4035
4702,7995
4703,4380
4704,7720
4705,8760
4706,9584
4707,3219
4708,7301
4709,6584
4710,5060
4711,6356
4712,6055
4713,3890
4714,7352
4715,5415
4716,6339
4717,6266
4718,4117
4719,8413
4720,4470
4721,9479
4722,8655
4723,4722
4724,9021
4725,5067
4726,3953
4727,4814
4728,6442
4729,6330
4730,3664
4731,6828
4732,3844
4733,9618
4734,7591
4735,5432
4736,6103
4737,9276
4738,5325
4739,5012
4740,9701
4741,5136
4742,3422
4743,5918
4744,2969
4745,6303
4746,2952
4747,8512
4748,6464
4749,8981
4750,3429
4751,9374
4752,5294
4753,4390
4754,5692
4755,6580
4756,7468
4757,5190
4758,7806
4759,8894
4760,2932
4761,5134
4762,6539
4763,2697
4764,9113
4765,5527
4766,3085
4767,6707
4768,2743
4769,2769
4770,6680
4771,5593
4772,8735
4773,6621
4774,4126
4775,3319
4776,7482
4777,4486
4778,6495
4779,9193
4780,8559
4781,5782
4782,8103
4783,5754
4784,5341
4785,9348
4786,4581
4787,9451
4788,5996
4789,6863
4790,7248
4791,2713
4792,8888
4793,8390
4794,3823
4795,6542
4796,8093
4797,7811
4798,5130
4799,9644
4800,4878
4801,2744
4802,4658
4803,3082
4804,5398
4805,5581
4806,2865
4807,8787
4808,9311
4809,5345
4810,7124
4811,4227
4812,8707
4813,4693
4814,2674
4815,6462
4816,9439
4817,8223
4818,6616
4819,8507
4820,3284
4821,6752
4822,7584
4823,3519
4824,9445
4825,3924
4826,3731
4827,8932
4828,3860
4829,5289
4830,4212
4831,9442
4832,6658
4833,2661
4834,3825
4835,9546
4836,8630
4837,4997
4838,4218
4839,4694
4840,9310
4841,4967
4842,7386
4843,5693
4844,8265
4845,5301
4846,3456
4847,6269
4848,6198
4849,5078
4850,7543
4851,6493
4852,9105
4853,3283
4854,4764
4855,3954
4856,5029
4857,6861
4858,3460
4859,4447
4860,8950
4861,4690
4862,8332
4863,2780
4864,4618
4865,9721
4866,9585
4867,5453
4868,6073
4869,7569
4870,0
4871,3528
4872,8547
4873,7498
4874,6476
4875,0
4876,3888
4877,6025
4878,4848
4879,7653
4880,5531
4881,5243
4882,8997
4883,8200
4884,6502
4885,6675
4886,9566
4887,5406
4888,5374
4889,8418
4890,5233
4891,8660
4892,2940
4893,8803
4894,5817
4895,3410
4896,8271
4897,6164
4898,8379
4899,3530
4900,6354
4901,4776
4902,3129
4903,7650
4904,6598
4905,9417
4906,5638
4907,6764
4908,7965
4909,3165
4910,5137
4911,8951
4912,3972
4913,5769
4914,5220
4915,7876
4916,4119
4917,9708
4918,8594
4919,0
4920,6742
4921,2684
4922,6706
4923,3984
4924,3942
4925,9093
4926,4704
4927,3879
4928,3323
4929,6188
4930,7280
4931,3379
4932,3511
4933,8615
4934,5988
4935,3875
4936,8193
4937,8579
4938,5126
4939,3225
4940,7239
4941,8449
4942,8211
4943,6703
4944,8486
4945,5736
4946,5109
4947,2887
4948,5971
4949,7788
4950,8105
4951,9330
4952,4005
4953,7056
4954,8197
4955,8226
4956,6000
4957,6239
4958,6382
4959,3179
4960,9283
4961,7099
4962,4530
4963,2676
4964,7421
4965,3309
4966,4652
4967,6546
4968,8574
4969,2879
4970,9192
4971,3336
4972,4433
4973,4802
4974,9684
4975,3811
4976,7310
4977,4489
4978,9452
4979,3301
4980,7048
4981,7956
4982,4692
4983,3385
4984,6969
4985,6922
4986,5518
4987,7939
4988,4591
4989,6029
4990,4183
4991,9593
4992,8259
4993,8549
4994,7518
4995,3616
4996,7752
4997,9019
4998,9043
4999,3710
5000,5688
5001,3491
5002,4316
5003,2991
5004,9555
5005,4174
5006,6794
5007,4891
5008,5617
5009,8826
5010,3971
5011,6435
5012,9713
5013,4055
5014,8256
5015,8076
5016,5567
5017,5721
5018,7120
5019,5791
5020,4809
5021,8039
5022,5542
5023,8703
5024,9427
5025,6805
5026,8106
5027,7258
5028,7677
5029,3696
5030,5751
5031,5999
5032,3137
5033,3322
5034,4409
5035,0
5036,2871
5037,4835
5038,6723
5039,7231
5040,7761
5041,8244
5042,5584
5043,9507
5044,8451
5045,7586
5046,3118
5047,5321
5048,3042
5049,6348
5050,7036
5051,3917
5052,6388
5053,5390
5054,5946
5055,7217
5056,9478
5057,3465
5058,5828
5059,2980
5060,4781
5061,4548
5062,4642
5063,7065
5064,7484
5065,6492
5066,3980
5067,5645
5068,6346
5069,3480
5070,7962
5071,2995
5072,9564
5073,8317
5074,5188
5075,8533
5076,4449
5077,5224
5078,7467
5079,6637
5080,8554
5081,5718
5082,8588
5083,8941
5084,4261
5085,8130
5086,6325
5087,5905
5088,6292
5089,3412
5090,8172
5091,6554
5092,7082
5093,4086
5094,8631
5095,9316
5096,3714
5097,3493
5098,3907
5099,6936
5100,8322
5101,5861
5102,3866
5103,3135
5104,9459
5105,7966
5106,6020
5107,4343
5108,9158
5109,6615
5110,3931
5111,9651
5112,7701
5113,5986
5114,9665
5115,5840
5116,3753
5117,2847
5118,8906
5119,4443
5120,7714
5121,4522
5122,6958
5123,3293
5124,5210
5125,7699
5126,3869
5127,6672
5128,6975
5129,8699
5130,5308
5131,3515
5132,4567
5133,6254
5134,3948
5135,3722
5136,5788
5137,0
5138,7576
5139,4916
5140,6559
5141,4713
5142,6996
5143,5228
5144,9223
5145,9675
5146,7808
5147,3896
5148,9616
5149,9206
5150,7967
5151,4620
5152,6943
5153,5862
5154,4875
5155,6688
5156,5469
5157,2960
5158,6448
5159,6273
5160,3600
5161,4007
5162,6359
5163,3007
5164,8566
5165,5173
5166,5121
5167,3173
5168,5409
5169,5097
5170,7093
5171,8593
5172,6274
5173,7890
5174,9497
5175,9309
5176,7475
5177,5711
5178,4493
5179,3245
5180,5768
5181,8765
5182,7790
5183,4723
5184,3855
5185,5762
5186,7423
5187,3626
5188,3656
5189,9638
5190,9575
5191,9134
5192,8648
5193,8607
5194,9461
5195,7361
5196,0
5197,7649
5198,4314
5199,4958
5200,4357
5201,3921
5202,3075
5203,7495
5204,7912
5205,7724
5206,9319
5207,9277
5208,6823
5209,7663
5210,7691
5211,7682
5212,5388
5213,4592
5214,8739
5215,6420
5216,3235
5217,6371
5218,7079
5219,9647
5220,4152
5221,6786
5222,9164
5223,7593
5224,5943
5225,6428
5226,9214
5227,4815
5228,5053
5229,5846
5230,8799
5231,4566
5232,7977
5233,5426
5234,6869
5235,7028
5236,7406
5237,6429
5238,6624
5239,6961
5240,4163
5241,8323
5242,9383
5243,8336
5244,4608
5245,6982
5246,4411
5247,8917
5248,8971
5249,9359
5250,6634
5251,9730
5252,5033
5253,7232
5254,6884
5255,3402
5256,6380
5257,3545
5258,9219
5259,2658
5260,4417
5261,2861
5262,7459
5263,3166
5264,7597
5265,8710
5266,9121
5267,6370
5268,2729
5269,2773
5270,5252
5271,6758
5272,5054
5273,3247
5274,3338
5275,7402
5276,9342
5277,7110
5278,8940
5279,6343
5280,5098
5281,7445
5282,6630
5283,0
5284,5745
5285,6056
5286,7198
5287,9652
5288,6334
5289,4660
5290,5123
5291,9275
5292,9567
5293,3264
5294,4729
5295,3571
5296,3708
5297,7023
5298,6759
5299,3197
5300,5071
5301,7175
5302,3254
5303,9198
5304,3775
5305,7045
5306,7464
5307,9562
5308,7570
5309,6368
5310,8021
5311,9127
5312,5157
5313,3091
5314,9619
5315,5963
5316,9280
5317,8329
5318,2876
5319,4679
5320,4662
5321,4471
5322,7227
5323,2844
5324,3618
5325,5605
5326,3270
5327,3466
5328,3138
5329,4064
5330,3384
5331,7090
5332,4564
5333,4951
5334,3709
5335,3054
5336,6510
5337,8422
5338,3926
5339,2762
5340,3381
5341,4393
5342,7769
5343,6976
5344,8599
5345,3477
5346,8035
5347,9332
5348,7270
5349,7490
5350,7863
5351,4028
5352,4785
5353,4460
5354,5079
5355,6216
5356,3789
5357,6950
5358,2740
5359,2983
5360,3119
5361,4158
5362,7381
5363,4016
5364,4458
5365,7820
5366,4577
5367,9251
5368,8459
5369,3000
5370,8029
5371,6408
5372,6297
5373,4996
5374,7565
5375,8372
5376,7052
5377,3813
5378,6072
5379,9294
5380,4933
5381,3562
5382,5309
5383,7155
5384,4477
5385,7429
5386,7516
5387,6948
5388,4047
5389,9659
5390,5338
5391,5970
5392,8116
5393,5026
5394,8845
5395,7054
5396,5016
5397,4478
5398,8722
5399,9372
5400,5670
5401,8395
5402,5639
5403,4151
5404,6623
5405,5554
5406,3386
5407,9689
5408,9279
5409,5481
5410,9466
5411,9108
5412,7571
5413,4094
5414,8527
5415,3868
5416,7481
5417,9470
5418,7037
5419,6814
5420,6875
5421,6895
5422,7675
5423,7768
5424,2981
5425,3736
5426,6986
5427,5632
5428,9160
5429,3059
5430,9389
5431,6902
5432,9384
5433,9573
5434,7348
5435,4655
5436,7106
5437,2836
5438,4166
5439,5806
5440,5870
5441,6289
5442,4560
5443,5419
5444,7503
5445,4839
5446,3634
5447,2850
5448,8535
5449,4639
5450,4979
5451,5569
5452,9285
5453,2956
5454,5893
5455,5775
5456,7954
5457,8757
5458,3920
5459,4036
5460,5559
5461,8590
5462,4868
5463,3829
5464,3040
5465,3728
5466,5714
5467,7839
5468,9561
5469,4002
5470,5480
5471,6078
5472,6484
5473,7747
5474,8694
5475,7662
5476,2793
5477,8577
5478,4533
5479,4226
5480,8973
5481,7997
5482,7975
5483,8368
5484,6451
5485,4345
5486,7857
5487,3095
5488,4339
5489,7520
5490,6988
5491,9302
5492,8313
5493,4659
5494,9495
5495,3294
5496,8701
5497,6336
5498,4938
5499,6774
5500,8020
5501,3203
5502,5931
5503,5851
5504,7331
5505,4824
5506,3368
5507,2801
5508,7739
5509,9517
5510,3906
5511,7148
5512,5466
5513,4844
5514,4455
5515,4644
5516,6046
5517,2726
5518,5947
5519,3815
5520,5430
5521,2992
5522,9256
5523,5396
5524,3073
5525,6026
5526,5565
5527,9673
5528,5897
5529,5024
5530,4759
5531,3078
5532,5019
5533,4580
5534,4323
5535,2748
5536,9681
5537,3526
5538,8665
5539,7016
5540,6331
5541,4308
5542,6291
5543,6245
5544,4089
5545,4698
5546,8156
5547,7382
5548,3389
5549,8740
5550,5818
5551,5899
5552,3774
5553,8750
5554,5524
5555,5799
5556,9563
5557,7170
5558,7282
5559,3417
5560,7096
5561,8458
5562,8362
5563,3733
5564,2943
5565,5816
5566,7940
5567,9180
5568,6941
5569,6472
5570,9176
5571,9456
5572,9610
5573,5889
5574,3752
5575,6726
5576,5462
5577,5089
5578,5944
5579,4525
5580,3104
5581,5696
5582,0
5583,2681
5584,5470
5585,3684
5586,5303
5587,5563
5588,7716
5589,8858
5590,4568
5591,6812
5592,7529
5593,2803
5594,6631
5595,8525
5596,4517
5597,4633
5598,6481
5599,9622
5600,4134
5601,3720
5602,7600
5603,7734
5604,8347
5605,7711
5606,4403
5607,6868
5608,6900
5609,6779
5610,0
5611,6549
5612,3525
5613,5487
5614,6755
5615,4159
5616,7412
5617,3893
5618,5744
5619,6670
5620,9205
5621,2830
5622,3871
5623,5056
5624,3673
5625,8345
5626,9680
5627,3615
5628,9693
5629,6108
5630,4327
5631,7435
5632,8464
5633,5702
5634,3478
5635,7810
5636,7489
5637,4720
5638,8217
5639,8783
5640,4645
5641,7189
5642,3968
5643,3191
5644,3793
5645,5869
5646,9081
5647,4252
5648,4832
5649,2765
5650,8136
5651,9695
5652,6262
5653,3637
5654,8264
5655,4349
5656,7872
5657,3587
5658,7314
5659,4714
5660,9025
5661,2808
5662,9583
5663,9115
5664,3681
5665,9540
5666,8476
5667,8745
5668,6997
5669,7985
5670,7805
5671,9390
5672,9687
5673,7168
5674,5674
5675,8428
5676,4292
5677,4607
5678,7822
5679,7637
5680,7334
5681,3851
5682,9175
5683,5595
5684,7395
5685,7199
5686,3366
5687,9278
5688,9488
5689,4631
5690,8947
5691,2796
5692,4222
5693,6248
5694,3617
5695,3199
5696,4000
5697,5387
5698,6848
5699,8531
5700,3240
5701,2698
5702,6644
5703,2934
5704,9458
5705,5879
5706,8839
5707,4526
5708,9114
5709,4257
5710,2680
5711,5770
5712,3880
5713,4105
5714,8518
5715,8711
5716,5888
5717,7285
5718,6031
5719,8702
5720,9380
5721,9189
5722,3745
5723,7619
5724,7845
5725,4136
5726,3724
5727,4490
5728,8354
5729,9356
5730,5562
5731,8186
5732,9304
5733,3976
5734,4306
5735,4616
5736,5385
5737,5942
5738,6992
5739,3188
5740,3297
5741,7770
5742,9581
5743,7354
5744,9159
5745,6338
5746,9167
5747,5853
5748,5421
5749,7132
5750,2755
5751,3210
5752,6052
5753,5805
5754,8931
5755,3682
5756,7778
5757,3357
5758,4046
5759,0
5760,6431
5761,3455
5762,3570
5763,2725
5764,3919
5765,7749
5766,5490
5767,6679
5768,8614
5769,8330
5770,2745
5771,7033
5772,8529
5773,5974
5774,8233
5775,6550
5776,2718
5777,5211
5778,4857
5779,4565
5780,6399
5781,3479
5782,5541
5783,6972
5784,5272
5785,7825
5786,5417
5787,4674
5788,7007
5789,6646
5790,3136
5791,5006
5792,0
5793,9625
5794,8457
5795,3512
5796,6409
5797,2878
5798,4406
5799,7291
5800,4786
5801,9187
5802,2687
5803,7908
5804,3757
5805,5090
5806,3850
5807,5291
5808,5592
5809,5382
5810,9602
5811,4994
5812,8925
5813,6140
5814,2998
5815,2785
5816,3927
5817,4434
5818,7072
5819,6648
5820,4896
5821,5314
5822,8785
5823,9177
5824,8869
5825,8807
5826,7871
5827,3421
5828,3006
5829,5449
5830,3436
5831,6676
5832,5361
5833,6629
5834,3117
5835,3401
5836,4230
5837,5242
5838,7517
5839,8934
5840,5305
5841,3797
5842,5245
5843,4176
5844,9491
5845,3080
5846,5304
5847,2731
5848,5364
5849,4065
5850,5100
5851,3279
5852,5730
5853,3846
5854,2916
5855,9064
5856,7664
5857,6136
5858,7665
5859,5669
5860,6748
5861,5352
5862,6395
5863,0
5864,8283
5865,3295
5866,5072
5867,8367
5868,7118
5869,8633
5870,9549
5871,4993
5872,3195
5873,3698
5874,4975
5875,9704
5876,9260
5877,8436
5878,5261
5879,4798
5880,8832
5881,9694
5882,6889
5883,3428
5884,7264
5885,0
5886,3041
5887,3079
5888,6049
5889,5180
5890,4940
5891,9201
5892,4610
5893,8526
5894,4344
5895,4920
5896,7612
5897,8284
5898,9253
5899,5182
5900,9441
5901,8150
5902,3461
5903,7219
5904,5046
5905,5903
5906,8957
5907,8875
5908,9677
5909,8417
5910,9325
5911,7316
5912,5295
5913,4102
5914,4657
5915,8774
5916,8109
5917,5498
5918,4333
5919,4818
5920,9527
5921,4052
5922,9492
5923,6557
5924,4897
5925,6335
5926,6522
5927,3291
5928,3427
5929,4841
5930,9137
5931,3176
5932,8731
5933,6946
5934,6132
5935,3537
5936,9110
5937,9087
5938,9024
5939,7919
5940,8584
5941,0
5942,3495
5943,6896
5944,3127
5945,4883
5946,6276
5947,4569
5948,5937
5949,7088
5950,8300
5951,5264
5952,5982
5953,5034
5954,3812
5955,2872
5956,6620
5957,6242
5958,6155
5959,8751
5960,5413
5961,9335
5962,8914
5963,9393
5964,5203
5965,4375
5966,6091
5967,5855
5968,5522
5969,7681
5970,7705
5971,6849
5972,4780
5973,4057
5974,8926
5975,7220
5976,4796
5977,3726
5978,0
5979,8922
5980,9430
5981,4120
5982,9543
5983,5932
5984,3781
5985,8216
5986,8956
5987,6797
5988,8876
5989,9082
5990,4233
5991,5021
5992,8433
5993,5326
5994,7598
5995,6135
5996,8652
5997,7875
5998,0
5999,4186
6000,4329
6001,3522
6002,9271
6003,7827
6004,7289
6005,7605
6006,3324
6007,7588
6008,9195
6009,6831
6010,5493
6011,5713
6012,5018
6013,4895
6014,8909
6015,2723
6016,3517
6017,5410
6018,6418
6019,3348
6020,5807
6021,3056
6022,7340
6023,6599
6024,4712
6025,4456
6026,9015
6027,2823
6028,8325
6029,5767
6030,8546
6031,8675
6032,9215
6033,3845
6034,2819
6035,8975
6036,8215
6037,3174
6038,5379
6039,6583
6040,8790
6041,5205
6042,6392
6043,7744
6044,5270
6045,2848
6046,8540
6047,3611
6048,4983
6049,9399
6050,5496
6051,7930
6052,8619
6053,4229
6054,5315
6055,3764
6056,6684
6057,9664
6058,8207
6059,9287
6060,7625
6061,9166
6062,6174
6063,4699
6064,3561
6065,6261
6066,9363
6067,2867
6068,6081
6069,9263
6070,4886
6071,7149
6072,9329
6073,4165
6074,8968
6075,4067
6076,5892
6077,6762
6078,5166
6079,6735
6080,9635
6081,9516
6082,8747
6083,6389
6084,2971
6085,7955
6086,3442
6087,4045
6088,4828
6089,4235
6090,3346
6091,5433
6092,4059
6093,9645
6094,4254
6095,4858
6096,7656
6097,3785
6098,7797
6099,8501
6100,3154
6101,8686
6102,6940
6103,6154
6104,3303
6105,8013
6106,7519
6107,7616
6108,4932
6109,7240
6110,8234
6111,4386
6112,6638
6113,5311
6114,3382
6115,3488
6116,9560
6117,6461
6118,7215
6119,4440
6120,8612
6121,3854
6122,8028
6123,9462
6124,6089
6125,5200
6126,8227
6127,6827
6128,8173
6129,0
6130,4287
6131,8204
6132,3311
6133,7166
6134,6217
6135,6872
6136,4424
6137,3667
6138,3373
6139,4040
6140,7540
6141,5195
6142,8120
6143,7695
6144,4625
6145,7602
6146,4766
6147,6576
6148,3032
6149,9643
6150,8551
6151,7160
6152,6320
6153,8008
6154,7506
6155,2705
6156,9222
6157,9076
6158,5504
6159,8892
6160,8281
6161,8823
6162,7207
6163,3628
6164,2720
6165,8693
6166,8073
6167,3837
6168,3098
6169,7748
6170,3946
6171,7881
6172,6787
6173,6540
6174,8829
6175,8415
6176,3329
6177,5429
6178,5292
6179,8328
6180,7921
6181,5393
6182,8596
6183,3791
6184,4231
6185,3167
6186,9154
6187,4788
6188,8275
6189,5847
6190,7362
6191,3204
6192,7262
6193,9306
6194,7972
6195,5038
6196,5450
6197,7485
6198,9455
6199,6469
6200,9323
6201,6662
6202,3340
6203,2961
6204,4171
6205,8314
6206,6536
6207,7211
6208,5568
6209,3730
6210,7849
6211,2813
6212,3809
6213,7577
6214,4332
6215,5443
6216,5330
6217,3848
6218,6112
6219,6835
6220,8439
6221,4909
6222,7852
6223,4955
6224,8357
6225,6122
6226,4559
6227,6870
6228,7209
6229,0
6230,6222
6231,7344
6232,2902
6233,3627
6234,5298
6235,2699
6236,7195
6237,9705
6238,3242
6239,6178
6240,9711
6241,3133
6242,5445
6243,7923
6244,9191
6245,9124
6246,8511
6247,5576
6248,3831
6249,7883
6250,9269
6251,6401
6252,4472
6253,3486
6254,5523
6255,7935
6256,9676
6257,6519
6258,8674
6259,6565
6260,6260
6261,9014
6262,3044
6263,5679
6264,6926
6265,8732
6266,9162
6267,2736
6268,6347
6269,6385
6270,9360
6271,3025
6272,5895
6273,4341
6274,4485
6275,3387
6276,8068
6277,4821
6278,8380
6279,7171
6280,4085
6281,5230
6282,2857
6283,4851
6284,4976
6285,9006
6286,9397
6287,7323
6288,8867
6289,6885
6290,9125
6291,8147
6292,8777
6293,8767
6294,9532
6295,5198
6296,4656
6297,3024
6298,7004
6299,9185
6300,8780
6301,4372
6302,5850
6303,3955
6304,3883
6305,7008
6306,8177
6307,9490
6308,3874
6309,5771
6310,6737
6311,9050
6312,6079
6313,8742
6314,5728
6315,6115
6316,3441
6317,5357
6318,5873
6319,3251
6320,5598
6321,8911
6322,8753
6323,8405
6324,5637
6325,8688
6326,4051
6327,8900
6328,3290
6329,7329
6330,6202
6331,6294
6332,3940
6333,8212
6334,5538
6335,2994
6336,9513
6337,6095
6338,5994
6339,5700
6340,4926
6341,9395
6342,7191
6343,8133
6344,5296
6345,6575
6346,7573
6347,7513
6348,5241
6349,7327
6350,8425
6351,4220
6352,3494
6353,8924
6354,0
6355,8466
6356,8477
6357,6825
6358,4635
6359,6402
6360,5269
6361,9709
6362,3253
6363,8145
6364,9221
6365,7034
6366,3147
6367,5717
6368,8666
6369,5028
6370,5884
6371,5140
6372,8696
6373,4181
6374,4691
6375,7241
6376,8856
6377,8128
6378,3255
6379,4910
6380,6351
6381,8729
6382,5585
6383,2946
6384,8912
6385,6780
6386,6415
6387,9391
6388,5010
6389,3363
6390,8243
6391,8391
6392,5990
6393,6811
6394,9686
6395,7877
6396,5838
6397,5978
6398,4957
6399,0
6400,5500
6401,3156
6402,6018
6403,4384
6404,4263
6405,3584
6406,5802
6407,2802
6408,5174
6409,6163
6410,4465
6411,6210
6412,3680
6413,9194
6414,9120
6415,4277
6416,7689
6417,9707
6418,4556
6419,4441
6420,3230
6421,7138
6422,8679
6423,8523
6424,8062
6425,8516
6426,8310
6427,9037
6428,7318
6429,5424
6430,3740
6431,6694
6432,6793
6433,3937
6434,9420
6435,6501
6436,8423
6437,6040
6438,8161
6439,4547
6440,6218
6441,9290
6442,6733
6443,6363
6444,7210
6445,9679
6446,8726
6447,5219
6448,5310
6449,6901
6450,7426
6451,8471
6452,3857
6453,3949
6454,9482
6455,5724
6456,8481
6457,3352
6458,9724
6459,9199
6460,4571
6461,3046
6462,6604
6463,4587
6464,5051
6465,5324
6466,9040
6467,8263
6468,7684
6469,3655
6470,9200
6471,8820
6472,4822
6473,7574
6474,6267
6475,7634
6476,4901
6477,4584
6478,3152
6479,3591
6480,5397
6481,8097
6482,4020
6483,5877
6484,6807
6485,6119
6486,6597
6487,4701
6488,3349
6489,4746
6490,3408
6491,4420
6492,4969
6493,3103
6494,3406
6495,2784
6496,9385
6497,2917
6498,2883
6499,8555
6500,5646
6501,6808
6502,4968
6503,9710
6504,6241
6505,3100
6506,9086
6507,5191
6508,5193
6509,5845
6510,6585
6511,7003
6512,4506
6513,8583
6514,5502
6515,2912
6516,8350
6517,3735
6518,7959
6519,3783
6520,5196
6521,4196
6522,5995
6523,3799
6524,3453
6525,8581
6526,4846
6527,9046
6528,2898
6529,2975
6530,3331
6531,7332
6532,7156
6533,9345
6534,6265
6535,5094
6536,5898
6537,2826
6538,9525
6539,6728
6540,0
6541,8125
6542,6466
6543,2854
6544,5755
6545,3162
6546,7112
6547,5323
6548,2666
6549,9212
6550,9692
6551,5564
6552,6809
6553,4899
6554,9547
6555,0
6556,0
6557,8286
6558,7622
6559,3001
6560,3328
6561,9286
6562,5348
6563,4289
6564,3398
6565,6332
6566,3807
6567,9611
6568,8219
6569,6238
6570,6740
6571,8069
6572,5061
6573,8026
6574,4775
6575,9318
6576,2767
6577,4373
6578,6106
6579,7680
6580,4431
6581,6562
6582,7158
6583,3695
6584,9607
6585,4337
6586,8643
6587,5520
6588,6537
6589,5921
6590,9381
6591,8183
6592,4516
6593,3802
6594,3962
6595,5372
6596,3227
6597,5478
6598,5819
6599,3853
6600,3347
6601,2677
6602,6473
6603,6329
6604,2951
6605,5628
6606,6172
6607,3939
6608,3768
6609,5548
6610,5657
6611,6760
6612,7679
6613,9621
6614,6892
6615,3747
6616,8626
6617,8851
6618,8195
6619,4648
6620,6470
6621,5116
6622,5748
6623,8016
6624,9514
6625,5529
6626,9467
6627,8010
6628,5177
6629,4100
6630,4971
6631,9242
6632,6915
6633,2818
6634,6533
6635,5206
6636,8129
6637,5307
6638,7866
6639,8898
6640,7534
6641,6886
6642,4103
6643,6505
6644,5589
6645,4307
6646,6858
6647,6899
6648,6732
6649,7146
6650,7462
6651,7760
6652,7417
6653,9537
6654,3541
6655,6205
6656,9001
6657,7812
6658,4509
6659,6377
6660,5482
6661,7366
6662,7867
6663,7337
6664,4223
6665,8408
6666,4807
6667,5108
6668,8262
6669,8463
6670,6843
6671,7629
6672,6750
6673,3393
6674,3894
6675,2967
6676,5499
6677,3666
6678,9487
6679,3951
6680,4842
6681,8276
6682,2704
6683,9209
6684,2947
6685,7431
6686,9528
6687,5178
6688,3121
6689,4980
6690,2734
6691,7242
6692,6069
6693,4992
6694,3326
6695,6653
6696,9725
6697,5633
6698,3644
6699,6965
6700,3849
6701,9596
6702,6588
6703,8146
6704,6357
6705,3577
6706,9484
6707,7303
6708,6842
6709,3647
6710,8249
6711,3193
6712,7223
6713,6001
6714,7216
6715,7659
6716,5436
6717,2926
6718,3370
6719,9197
6720,8855
6721,7777
6722,3986
6723,7799
6724,8946
6725,2733
6726,8113
6727,8321
6728,5045
6729,8378
6730,4066
6731,8610
6732,8302
6733,7859
6734,4313
6735,8814
6736,7025
6737,8669
6738,6281
6739,7782
6740,6516
6741,5622
6742,2993
6743,6877
6744,6689
6745,3679
6746,5915
6747,8224
6748,3126
6749,4672
6750,4146
6751,6465
6752,7623
6753,8031
6754,3573
6755,5107
6756,3558
6757,4350
6758,6430
6759,4794
6760,9570
6761,0
6762,9589
6763,8406
6764,2710
6765,9207
6766,5966
6767,7948
6768,4304
6769,8077
6770,6131
6771,8096
6772,4416
6773,6751
6774,8484
6775,6605
6776,8800
6777,2906
6778,7783
6779,4037
6780,7346
6781,9396
6782,5492
6783,7561
6784,7201
6785,3662
6786,8050
6787,5949
6788,4302
6789,9719
6790,8230
6791,5455
6792,3457
6793,7592
6794,8377
6795,9449
6796,6180
6797,6396
6798,8124
6799,8170
6800,3676
6801,0
6802,6324
6803,3822
6804,2690
6805,7030
6806,9143
6807,5719
6808,6610
6809,6232
6810,9511
6811,6579
6812,6366
6813,3399
6814,5579
6815,2682
6816,6224
6817,8756
6818,9671
6819,5797
6820,9515
6821,9053
6822,6699
6823,7407
6824,7440
6825,7275
6826,4852
6827,6743
6828,3633
6829,8628
6830,4368
6831,8107
6832,6035
6833,6603
6834,5796
6835,3355
6836,6806
6837,4504
6838,4535
6839,8498
6840,5431
6841,5659
6842,4026
6843,7136
6844,8550
6845,5749
6846,5837
6847,8835
6848,9085
6849,9008
6850,6118
6851,6247
6852,3281
6853,8061
6854,4763
6855,6871
6856,8500
6857,3102
6858,7442
6859,3017
6860,7206
6861,6285
6862,5081
6863,7249
6864,9261
6865,4928
6866,7545
6867,5148
6868,6939
6869,5128
6870,8412
6871,4687
6872,3467
6873,8364
6874,9366
6875,9026
6876,5928
6877,5626
6878,4031
6879,2910
6880,2833
6881,2779
6882,3416
6883,6506
6884,3431
6885,5618
6886,0
6887,6683
6888,3452
6889,9062
6890,7802
6891,5647
6892,7726
6893,2664
6894,7658
6895,4545
6896,3002
6897,3228
6898,4621
6899,4118
6900,7582
6901,6187
6902,9070
6903,8078
6904,2786
6905,6574
6906,9030
6907,5668
6908,4096
6909,4943
6910,4750
6911,5420
6912,5737
6913,6611
6914,5471
6915,3003
6916,7630
6917,9179
6918,8595
6919,3803
6920,5112
6921,5578
6922,5129
6923,7351
6924,2694
6925,3334
6926,4426
6927,8421
6928,0
6929,8684
6930,5146
6931,3975
6932,3581
6933,4347
6934,8018
6935,8429
6936,4144
6937,7944
6938,8441
6939,3014
6940,7373
6941,6781
6942,9230
6943,6802
6944,6591
6945,5952
6946,2996
6947,4931
6948,5546
6949,7524
6950,6034
6951,8252
6952,6268
6953,7230
6954,5096
6955,5235
6956,3622
6957,7378
6958,9403
6959,4638
6960,8239
6961,3973
6962,9334
6963,3318
6964,9153
6965,6197
6966,8127
6967,4450
6968,8923
6969,3963
6970,7660
6971,9632
6972,6504
6973,3911
6974,6722
6975,6994
6976,5110
6977,5236
6978,8816
6979,7558
6980,5347
6981,6528
6982,6326
6983,6047
6984,7702
6985,6017
6986,4410
6987,6947
6988,5732
6989,5766
6990,4977
6991,4574
6992,4274
6993,2721
6994,3484
6995,8210
6996,8426
6997,4593
6998,6030
6999,0
7000,7472
7001,2988
7002,5938
7003,6747
7004,3092
7005,9582
7006,9628
7007,7832
7008,3723
7009,4954
7010,2842
7011,5147
7012,3568
7013,3201
7014,3961
7015,7947
7016,8144
7017,8769
7018,5214
7019,6934
7020,7154
7021,4773
7022,6655
7023,7116
7024,5553
7025,8822
7026,7910
7027,7502
7028,3646
7029,5014
7030,6150
7031,2757
7032,4084
7033,7091
7034,9249
7035,8627
7036,2766
7037,9147
7038,7894
7039,4415
7040,5540
7041,3998
7042,3567
7043,7187
7044,7907
7045,4808
7046,5366
7047,7601
7048,4546
7049,2685
7050,2688
7051,6192
7052,9605
7053,5842
7054,4494
7055,6924
7056,5935
7057,5820
7058,5993
7059,3005
7060,7226
7061,6365
7062,3214
7063,8903
7064,3901
7065,5786
7066,6911
7067,6772
7068,4894
7069,7551
7070,5086
7071,5192
7072,5591
7073,4009
7074,5412
7075,7038
7076,8544
7077,9365
7078,7121
7079,2760
7080,5185
7081,6980
7082,4906
7083,3437
7084,7889
7085,4605
7086,9672
7087,4464
7088,4748
7089,3035
7090,5175
7091,8988
7092,7579
7093,3345
7094,9152
7095,4114
7096,8027
7097,5859
7098,5609
7099,9299
7100,5258
7101,3535
7102,3027
7103,8063
7104,3909
7105,6126
7106,7218
7107,8831
7108,7874
7109,4563
7110,8444
7111,7800
7112,4070
7113,7389
7114,7076
7115,4590
7116,8335
7117,6177
7118,4407
7119,7141
7120,5344
7121,6445
7122,9431
7123,6013
7124,5495
7125,7627
7126,9188
7127,9473
7128,6234
7129,9267
7130,4952
7131,7981
7132,5331
7133,2774
7134,9375
7135,6874
7136,5594
7137,4549
7138,4811
7139,8929
7140,2853
7141,6974
7142,6191
7143,4596
7144,7639
7145,8670
7146,7900
7147,5194
7148,8617
7149,7771
7150,0
7151,4180
7152,2768
7153,4762
7154,3702
7155,3718
7156,3964
7157,5533
7158,5169
7159,6117
7160,3766
7161,4272
7162,4570
7163,8591
7164,4468
7165,3979
7166,5894
7167,5187
7168,5673
7169,3758
7170,3222
7171,4474
7172,3200
7173,4865
7174,6457
7175,5920
7176,3016
7177,6718
7178,6397
7179,5811
7180,5353
7181,7104
7182,5940
7183,5980
7184,4558
7185,3096
7186,6798
7187,8847
7188,7536
7189,5378
7190,8083
7191,9569
7192,3425
7193,7798
7194,4232
7195,3913
7196,4628
7197,5631
7198,8442
7199,7343
7200,5446
7201,5708
7202,6826
7203,3687
7204,3997
7205,9106
7206,7971
7207,8650
7208,9091
7209,7510
7210,3602
7211,8082
7212,7302
7213,3473
7214,8976
7215,5514
7216,3918
7217,9683
7218,8874
7219,4253
7220,5989
7221,6263
7222,5965
7223,2918
7224,8779
7225,5764
7226,5354
7227,8339
7228,8905
7229,7596
7230,6374
7231,7229
7232,2882
7233,3654
7234,3474
7235,6682
7236,6618
7237,9322
7238,2911
7239,2924
7240,3440
7241,6121
7242,6560
7243,5015
7244,6316
7245,5951
7246,8625
7247,5726
7248,8762
7249,4709
7250,9682
7251,9499
7252,3031
7253,7387
7254,9688
7255,8636
7256,6973
7257,7815
7258,3685
7259,7077
7260,6708
7261,6600
7262,4286
7263,8024
7264,2776
7265,4754
7266,4586
7267,3881
7268,6548
7269,3713
7270,9697
7271,7476
7272,8642
7273,7741
7274,5075
7275,8865
7276,7708
7277,7385
7278,9362
7279,6183
7280,9328
7281,8961
7282,6701
7283,8137
7284,6061
7285,9498
7286,3801
7287,4079
7288,7847
7289,5509
7290,7936
7291,7559
7292,9039
7293,7922
7294,6349
7295,8646
7296,8075
7297,5423
7298,8419
7299,3181
7300,5002
7301,4480
7302,5418
7303,0
7304,4524
7305,8830
7306,6815
7307,5422
7308,4949
7309,4351
7310,9170
7311,9666
7312,6887
7313,5813
7314,5695
7315,4882
7316,4184
7317,9168
7318,2800
7319,8706
7320,6626
7321,7032
7322,7924
7323,7564
7324,5042
7325,5969
7326,5810
7327,7029
7328,7856
7329,5706
7330,3120
7331,9060
7332,8094
7333,9196
7334,3500
7335,2700
7336,3819
7337,7855
7338,6098
7339,2985
7340,7818
7341,8920
7342,7888
7343,9592
7344,7250
7345,4379
7346,9157
7347,9612
7348,3603
7349,8194
7350,5753
7351,6483
7352,3867
7353,5339
7354,4497
7355,7779
7356,9274
7357,6935
7358,9402
7359,4641
7360,5519
7361,8522
7362,8164
7363,3915
7364,4291
7365,4797
7366,6876
7367,5537
7368,6412
7369,5511
7370,3185
7371,3838
7372,3481
7373,8606
7374,5329
7375,8312
7376,6398
7377,6606
7378,8151
7379,6725
7380,8866
7381,9368
7382,2938
7383,8059
7384,9604
7385,6582
7386,0
7387,3332
7388,5550
7389,8854
7390,7982
7391,4092
7392,5761
7393,8979
7394,5095
7395,3549
7396,3876
7397,9477
7398,4211
7399,3527
7400,8455
7401,3769
7402,9029
7403,6647
7404,4998
7405,7685
7406,4730
7407,6782
7408,8392
7409,4688
7410,7621
7411,4801
7412,4843
7413,8586
7414,8918
7415,5558
7416,7097
7417,5285
7418,7044
7419,6100
7420,5202
7421,6306
7422,7541
7423,6830
7424,6813
7425,4965
7426,5916
7427,2702
7428,3590
7429,3186
7430,4572
7431,9131
7432,8948
7433,8672
7434,5001
7435,6006
7436,5690
7437,4303
7438,5240
7439,7938
7440,4024
7441,9387
7442,6654
7443,2715
7444,8613
7445,7636
7446,8773
7447,3004
7448,5648
7449,6323
7450,5300
7451,6890
7452,7196
7453,8049
7454,8091
7455,8000
7456,3458
7457,5023
7458,7538
7459,5508
7460,3269
7461,5927
7462,8468
7463,8600
7464,3635
7465,4531
7466,4879
7467,8539
7468,7583
7469,9696
7470,8717
7471,3663
7472,8272
7473,5380
7474,7126
7475,5505
7476,3506
7477,6314
7478,4452
7479,7350
7480,7906
7481,8986
7482,8792
7483,4483
7484,9526
7485,9436
7486,7700
7487,5743
7488,9565
7489,4112
7490,3816
7491,8279
7492,8953
7493,6878
7494,4397
7495,3058
7496,6432
7497,4030
7498,5439
7499,6555
7500,9577
7501,8996
7502,8250
7503,4973
7504,5599
7505,7238
7506,7255
7507,5556
7508,6369
7509,6288
7510,2919
7511,8318
7512,8242
7513,3734
7514,8980
7515,6373
7516,3131
7517,8510
7518,4361
7519,7169
7520,3885
7521,9169
7522,9128
7523,7178
7524,5641
7525,7269
7526,3112
7527,5776
7528,6003
7529,4305
7530,4284
7531,4177
7532,4708
7533,6788
7534,4459
7535,8677
7536,8376
7537,4934
7538,9354
7539,9620
7540,8942
7541,4561
7542,2851
7543,5057
7544,9054
7545,8668
7546,3298
7547,9174
7548,4194
7549,7743
7550,4098
7551,4741
7552,7078
7553,7499
7554,4914
7555,9728
7556,8171
7557,4140
7558,3196
7559,4834
7560,8964
7561,4204
7562,8548
7563,3895
7564,3376
7565,3145
7566,7182
7567,6517
7568,5602
7569,4191
7570,5557
7571,7515
7572,4513
7573,4325
7574,4276
7575,4461
7576,8191
7577,6358
7578,3021
7579,9324
7580,6015
7581,3553
7582,8178
7583,3670
7584,7297
7585,4519
7586,9367
7587,4123
7588,8754
7589,8810
7590,9041
7591,7986
7592,9211
7593,3128
7594,2989
7595,4301
7596,6086
7597,2741
7598,2805
7599,4536
7600,4122
7601,9410
7602,4537
7603,4320
7604,2863
7605,9700
7606,3168
7607,2905
7608,5671
7609,4370
7610,7909
7611,3945
7612,5759
7613,3674
7614,8545
7615,5610
7616,2814
7617,3693
7618,5901
7619,5972
7620,7224
7621,8282
7622,8240
7623,9418
7624,3439
7625,9235
7626,8469
7627,7869
7628,4681
7629,7801
7630,8736
7631,3315
7632,3592
7633,5091
7634,0
7635,6509
7636,8560
7637,5658
7638,5376
7639,9656
7640,8794
7641,6488
7642,8673
7643,6486
7644,3394
7645,3683
7646,5111
7647,6454
7648,7632
7649,9229
7650,9617
7651,3677
7652,6777
7653,2892
7654,5636
7655,5460
7656,4880
7657,8351
7658,7641
7659,8863
7660,7882
7661,9373
7662,9556
7663,5362
7664,5640
7665,8819
7666,8935
7667,9297
7668,9533
7669,8698
7670,4282
7671,9315
7672,8752
7673,7773
7674,9341
7675,4855
7676,7173
7677,5105
7678,3097
7679,9642
7680,8432
7681,9674
7682,7418
7683,9437
7684,6928
7685,5865
7686,6979
7687,5729
7688,8616
7689,6381
7690,7803
7691,8182
7692,9336
7693,4399
7694,3795
7695,3445
7696,3459
7697,8473
7698,7626
7699,6328
7700,5039
7701,3116
7702,5712
7703,5484
7704,8904
7705,3780
7706,6820
7707,4246
7708,7950
7709,4432
7710,6660
7711,2707
7712,7491
7713,5456
7714,3292
7715,8681
7716,2777
7717,7433
7718,6677
7719,6678
7720,0
7721,4935
7722,0
7723,9493
7724,9448
7725,2669
7726,5171
7727,7390
7728,2689
7729,3246
7730,7572
7731,3404
7732,6237
7733,7501
7734,4765
7735,9428
7736,4034
7737,8397
7738,5606
7739,6608
7740,0
7741,8389
7742,4867
7743,3607
7744,7153
7745,6459
7746,2858
7747,3659
7748,7089
7749,2679
7750,3169
7751,7885
7752,9080
7753,9112
7754,3339
7755,7721
7756,5181
7757,6700
7758,4772
7759,2984
7760,8622
7761,4594
7762,6881
7763,8054
7764,4819
7765,6114
7766,7841
7767,6791
7768,6951
7769,8641
7770,7817
7771,9627
7772,7466
7773,7983
7774,8355
7775,6983
7776,8582
7777,5207
7778,9392
7779,4138
7780,8248
7781,7821
7782,9371
7783,3886
7784,7425
7785,9471
7786,5087
7787,7370
7788,5801
7789,6130
7790,7671
7791,8877
7792,3629
7793,7527
7794,5941
7795,9100
7796,4521
7797,8524
7798,8657
7799,9208
7800,8901
7801,6912
7802,5037
7803,7410
7804,6963
7805,9432
7806,2671
7807,7330
7808,6913
7809,8671
7810,9002
7811,4262
7812,4552
7813,9519
7814,3160
7815,4139
7816,4338
7817,4319
7818,5532
7819,7256
7820,9422
7821,8853
7822,4849
7823,9320
7824,3365
7825,8108
7826,6009
7827,8972
7828,6310
7829,0
7830,8041
7831,8602
7832,3391
7833,4367
7834,9460
7835,0
7836,6447
7837,8365
7838,5068
7839,4985
7840,9042
7841,7917
7842,3743
7843,6721
7844,9298
7845,6390
7846,3864
7847,5549
7848,6193
7849,9186
7850,4234
7851,8403
7852,2927
7853,6161
7854,4076
7855,8977
7856,0
7857,8632
7858,8758
7859,6925
7860,5561
7861,8308
7862,8908
7863,7061
7864,6845
7865,4529
7866,3704
7867,7737
7868,6317
7869,6244
7870,6256
7871,8260
7872,7363
7873,7745
7874,5871
7875,9240
7876,6439
7877,7795
7878,3580
7879,2840
7880,7755
7881,7657
7882,6978
7883,6674
7884,8495
7885,5727
7886,5792
7887,8266
7888,9424
7889,8388
7890,5998
7891,5327
7892,6463
7893,8454
7894,9217
7895,3163
7896,6004
7897,6129
7898,9007
7899,3941
7900,6960
7901,8927
7902,5517
7903,3187
7904,5957
7905,3143
7906,7911
7907,8886
7908,8843
7909,2728
7910,3043
7911,8913
7912,7326
7913,7349
7914,9481
7915,8519
7916,5440
7917,3454
7918,5790
7919,4358
7920,9535
7921,7455
7922,6186
7923,3805
7924,8135
7925,4970
7926,3772
7927,0
7928,9603
7929,4991
7930,6933
7931,3820
7932,4941
7933,8798
7934,3658
7935,9178
7936,5395
7937,7177
7938,4244
7939,6271
7940,9300
7941,9067
7942,5000
7943,3282
7944,7122
7945,6158
7946,9111
7947,5368
7948,8781
7949,4595
7950,9434
7951,2849
7952,5153
7953,8340
7954,4733
7955,6050
7956,4911
7957,7522
7958,8634
7959,9413
7960,2884
7961,4413
7962,8788
7963,3754
7964,9295
7965,7831
7966,5275
7967,6593
7968,7163
7969,3697
7970,3038
7971,3638
7972,4003
7973,8393
7974,3216
7975,8437
7976,8440
7977,6063
7978,5216
7979,4101
7980,7359
7981,4317
7982,6452
7983,8287
7984,8557
7985,6105
7986,4419
7987,4242
7988,8148
7989,4097
7990,6500
7991,8140
7992,3632
7993,3330
7994,5284
7995,5154
7996,5885
7997,4702
7998,6302
7999,3717
8000,4881
8001,8396
8002,8793
8003,7164
8004,5392
8005,4612
8006,9388
8007,4018
8008,9047
8009,4371
8010,6627
8011,3690
8012,4579
8013,7500
8014,7914
8015,3030
8016,6102
8017,9090
8018,6508
8019,5447
8020,6749
8021,8872
8022,8114
8023,4576
8024,3305
8025,7609
8026,4636
8027,8817
8028,8763
8029,9457
8030,8576
8031,9463
8032,3649
8033,8556
8034,6512
8035,7492
8036,8485
8037,9714
8038,9654
8039,7419
8040,8089
8041,2832
8042,9233
8043,5530
8044,8984
8045,5253
8046,9590
8047,5513
8048,5501
8049,8483
8050,4615
8051,5627
8052,6223
8053,5221
8054,7807
8055,6803
8056,4623
8057,5922
8058,4737
8059,6054
8060,8012
8061,5843
8062,9190
8063,4404
8064,7439
8065,5165
8066,2717
8067,7105
8068,5290
8069,6490
8070,4647
8071,3623
8072,5882
8073,5933
8074,9122
8075,6259
8076,8446
8077,4173
8078,4946
8079,8066
8080,6693
8081,4353
8082,8298
8083,9138
8084,7753
8085,4838
8086,3472
8087,7589
8088,6904
8089,5597
8090,8857
8091,8349
8092,7718
8093,8402
8094,3057
8095,3226
8096,8304
8097,3470
8098,8502
8099,6075
8100,6157
8101,9254
8102,8307
8103,4999
8104,3563
8105,9379
8106,3981
8107,7851
8108,6853
8109,5825
8110,8571
8111,9435
8112,4169
8113,7563
8114,8949
8115,7620
8116,2831
8117,5779
8118,4331
8119,9273
8120,5476
8121,5968
8122,6753
8123,6529
8124,4236
8125,9109
8126,6156
8127,7039
8128,3861
8129,7325
8130,5967
8131,3593
8132,9156
8133,3482
8134,5860
8135,2978
8136,5616
8137,4964
8138,5025
8139,5332
8140,6971
8141,9224
8142,6475
8143,3438
8144,4378
8145,0
8146,8295
8147,5448
8148,6022
8149,8818
8150,5930
8151,4414
8152,7980
8153,6920
8154,6427
8155,3686
8156,8714
8157,8181
8158,5623
8159,3238
8160,9541
8161,4088
8162,3307
8163,2837
8164,4634
8165,9088
8166,3987
8167,9331
8168,3504
8169,7024
8170,8005
8171,7523
8172,6734
8173,0
8174,3510
8175,7245
8176,5204
8177,3582
8178,7556
8179,5874
8180,4238
8181,7581
8182,9052
8183,3237
8184,0
8185,4650
8186,7497
8187,7614
8188,3463
8189,4630
8190,8764
8191,7300
8192,9586
8193,5747
8194,3865
8195,7837
8196,8954
8197,5106
8198,4742
8199,6873
8200,9568
8201,4243
8202,6053
8203,5138
8204,7461
8205,7696
8206,5912
8207,9337
8208,6556
8209,6071
8210,4520
8211,5005
8212,8496
8213,3884
8214,8994
8215,5389
8216,7785
8217,6666
8218,8700
8219,5642
8220,9530
8221,6818
8222,7688
8223,7895
8224,9340
8225,6233
8226,9446
8227,4507
8228,4488
8229,9303
8230,7279
8231,7731
8232,7898
8233,2724
8234,5857
8235,8153
8236,4239
8237,7758
8238,5613
8239,6477
8240,6064
8241,9438
8242,8938
8243,3969
8244,3547
8245,4190
8246,5199
8247,4939
8248,5159
8249,3213
8250,6595
8251,7040
8252,6166
8253,9657
8254,3464
8255,9202
8256,5867
8257,6290
8258,7102
8259,5910
8260,3694
8261,4666
8262,6785
8263,4937
8264,6844
8265,4131
8266,7826
8267,5070
8268,3415
8269,9552
8270,6012
8271,5948
8272,9338
8273,8070
8274,6713
8275,9544
8276,8201
8277,5143
8278,3256
8279,5955
8280,7704
8281,5158
8282,2716
8283,7633
8284,9518
8285,9048
8286,6277
8287,3141
8288,8342
8289,7624
8290,4761
8291,3490
8292,5119
8293,7014
8294,8889
8295,6085
8296,3009
8297,3576
8298,4813
8299,7401
8300,6652
8301,6208
8302,6633
8303,8011
8304,7647
8305,7456
8306,9572
8307,5179
8308,9045
8309,7304
8310,3839
8311,6211
8312,5349
8313,8306
8314,9663
8315,4995
8316,3572
8317,3380
8318,6437
8319,2712
8320,3692
8321,8017
8322,3882
8323,7840
8324,8149
8325,3139
8326,3706
8327,6120
8328,7738
8329,5572
8330,4290
8331,6133
8332,8051
8333,6910
8334,6669
8335,4121
8336,6691
8337,9010
8338,6139
8339,3178
8340,7460
8341,6107
8342,4718
8343,6383
8344,6480
8345,3299
8346,5168
8347,6220
8348,3651
8349,5399
8350,5975
8351,4703
8352,3134
8353,4777
8354,4670
8355,5852
8356,4448
8357,3821
8358,6923
8359,7261
8360,8609
8361,9182
8362,6087
8363,7578
8364,5911
8365,7927
8366,3022
8367,8561
8368,3643
8369,4192
8370,0
8371,4248
8372,8978
8373,4421
8374,4275
8375,2900
8376,4029
8377,6127
8378,7098
8379,4793
8380,6449
8381,7973
8382,4541
8383,7221
8384,3652
8385,4961
8386,8450
8387,6235
8388,9135
8389,6300
8390,7928
8391,7884
8392,8775
8393,7645
8394,6159
8395,8084
8396,5987
8397,5691
8398,9092
8399,2864
8400,5299
8401,8724
8402,3904
8403,5414
8404,4959
8405,4022
8406,5896
8407,8967
8408,5848
8409,6424
8410,9720
8411,3796
8412,3149
8413,3749
8414,6993
8415,3910
8416,8261
8417,5288
8418,8841
8419,2794
8420,4544
8421,0
8422,3675
8423,7843
8424,4831
8425,8825
8426,6230
8427,3518
8428,8371
8429,3657
8430,3958
8431,5266
8432,8452
8433,9646
8434,9013
8435,9129
8436,7284
8437,7496
8438,7673
8439,7834
8440,7243
8441,5085
8442,0
8443,6011
8444,4575
8445,3077
8446,5913
8447,3130
8448,6076
8449,5375
8450,5672
8451,8414
8452,6953
8453,4467
8454,5212
8455,9094
8456,3220
8457,6880
8458,5144
8459,6957
8460,3932
8461,5044
8462,7319
8463,8167
8464,2799
8465,9074
8466,6386
8467,8131
8468,9426
8469,8513
8470,8085
8471,4705
8472,8002
8473,3978
8474,6531
8475,8065
8476,5222
8477,4405
8478,7868
8479,6897
8480,9262
8481,5621
8482,3372
8483,6440
8484,3177
8485,8169
8486,4487
8487,3443
8488,7862
8489,9370
8490,6062
8491,9640
8492,4753
8493,5583
8494,9237
8495,8228
8496,6307
8497,2659
8498,2663
8499,8180
8500,5649
8501,7035
8502,5555
8503,4147
8504,6255
8505,8930
8506,7053
8507,5209
8508,7667
8509,6572
8510,9171
8511,5676
8512,7754
8513,9293
8514,4774
8515,5939
8516,7740
8517,4861
8518,7998
8519,7055
8520,5781
8521,5346
8522,6251
8523,7204
8524,5058
8525,6891
8526,8086
8527,8993
8528,8937
8529,3273
8530,8842
8531,7590
8532,5384
8533,5132
8534,8992
8535,7271
8536,3211
8537,8110
8538,6048
8539,3300
8540,7002
8541,3125
8542,7356
8543,8836
8544,6775
8545,2976
8546,5698
8547,4462
8548,4695
8549,3280
8550,7644
8551,8587
8552,9078
8553,7420
8554,5077
8555,5142
8556,7970
8557,9667
8558,3029
8559,6854
8560,3914
8561,5031
8562,7864
8563,3952
8564,4271
8565,5381
8566,3142
8567,8809
8568,2977
8569,8916
8570,6496
8571,6938
8572,6763
8573,4328
8574,7949
8575,6903
8576,7643
8577,4203
8578,5979
8579,2875
8580,4988
8581,2739
8582,7188
8583,5287
8584,3218
8585,0
8586,8285
8587,6738
8588,5683
8589,3598
8590,5117
8591,4115
8592,7915
8593,3842
8594,7347
8595,5102
8596,4083
8597,4736
8598,5900
8599,7488
8600,4387
8601,3122
8602,3107
8603,8728
8604,2709
8605,8689
8606,3922
8607,9272
8608,2944
8609,6393
8610,3790
8611,8768
8612,0
8613,8115
8614,4364
8615,9504
8616,6044
8617,7842
8618,5909
8619,8864
8620,3546
8621,9571
8622,4893
8623,7400
8624,4408
8625,3446
8626,7041
8627,3084
8628,3190
8629,2789
8630,7819
8631,3229
8632,4731
8633,2838
8634,5832
8635,5615
8636,3905
8637,7144
8638,6226
8639,0
8640,5467
8641,4395
8642,5238
8643,3536
8644,8966
8645,5407
8646,2696
8647,6375
8648,5208
8649,5369
8650,5064
8651,5131
8652,2948
8653,5956
8654,8543
8655,9357
8656,3023
8657,3062
8658,7934
8659,6179
8660,8880
8661,7823
8662,2986
8663,5027
8664,6790
8665,3430
8666,7140
8667,5151
8668,3424
8669,9183
8670,8712
8671,7968
8672,4418
8673,3234
8674,7946
8675,7631
8676,8801
8677,6567
8678,3935
8679,6789
8680,3585
8681,5092
8682,4551
8683,7646
8684,3943
8685,4873
8686,5066
8687,7901
8688,8214
8689,7599
8690,6206
8691,8691
8692,4675
8693,6573
8694,3985
8695,7404
8696,7246
8697,6444
8698,7328
8699,5069
8700,9559
8701,2894
8702,4241
8703,7480
8704,7127
8705,7083
8706,0
8707,3343
8708,8970
8709,9641
8710,3435
8711,8815
8712,5902
8713,4732
8714,9398
8715,6729
8716,7005
8717,6578
8718,4266
8719,6659
8720,4268
8721,6862
8722,9464
8723,5891
8724,5093
8725,8621
8726,0
8727,3620
8728,4056
8729,9058
8730,9423
8731,9141
8732,8160
8733,6414
8734,5022
8735,5011
8736,7546
8737,7774
8738,4032
8739,7610
8740,6625
8741,8580
8742,6327
8743,4049
8744,6384
8745,8058
8746,6589
8747,4850
8748,4143
8749,2860
8750,7396
8751,5741
8752,3302
8753,3705
8754,8303
8755,6471
8756,4603
8757,6530
8758,8138
8759,5489
8760,6888
8761,6673
8762,3669
8763,8562
8764,8852
8765,2868
8766,9578
8767,6494
8768,7338
8769,5794
8770,3916
8771,8713
8772,9264
8773,5666
8774,7095
8775,8117
8776,9520
8777,6123
8778,5720
8779,6279
8780,9065
8781,3158
8782,8620
8783,8291
8784,5875
8785,6650
8786,9454
8787,9288
8788,0
8789,5059
8790,5280
8791,8589
8792,4876
8793,4394
8794,4676
8795,7722
8796,4389
8797,7130
8798,3688
8799,5689
8800,9407
8801,5619
8802,6421
8803,9553
8804,5757
8805,7377
8806,4451
8807,6467
8808,4950
8809,3400
8810,9444
8811,0
8812,4392
8813,6954
8814,7730
8815,7411
8816,5856
8817,6038
8818,3261
8819,2937
8820,5334
8821,8962
8822,5283
8823,8887
8824,8618
8825,7434
8826,5516
8827,3011
8828,3505
8829,7185
8830,2957
8831,7587
8832,5883
8833,6981
8834,7235
8835,5319
8836,0
8837,4438
8838,6991
8839,3155
8840,5113
8841,8891
8842,3019
8843,3804
8844,6434
8845,5815
8846,6622
8847,5551
8848,5742
8849,7698
8850,3835
8851,3333
8852,2862
8853,7941
8854,8045
8855,3957
8856,6523
8857,8356
8858,3306
8859,5322
8860,5661
8861,2763
8862,6479
8863,4918
8864,3088
8865,3447
8866,9012
8867,9626
8868,2735
8869,7566
8870,4646
8871,5428
8872,7451
8873,5461
8874,4752
8875,7505
8876,7277
8877,5784
8878,6840
8879,7893
8880,4604
8881,6355
8882,3378
8883,4315
8884,5577
8885,9598
8886,8776
8887,4919
8888,7553
8889,8492
8890,6403
8891,7838
8892,7115
8893,6524
8894,6905
8895,4454
8896,4168
8897,5777
8898,7208
8899,4784
8900,4207
8901,2895
8902,7236
8903,6116
8904,7789
8905,3641
8906,3594
8907,6952
8908,6931
8909,6413
8910,3151
8911,3514
8912,9099
8913,4990
8914,2923
8915,7111
8916,8166
8917,9629
8918,4198
8919,9172
8920,6819
8921,4099
8922,6527
8923,8837
8924,6209
8925,5677
8926,4816
8927,8532
8928,5183
8929,4806
8930,9035
8931,6525
8932,8057
8933,6111
8934,5697
8935,3827
8936,7288
8937,3434
8938,6769
8939,7444
8940,8771
8941,8255
8942,8870
8943,6643
8944,6857
8945,6577
8946,0
8947,3123
8948,9059
8949,4469
8950,4637
8951,8132
8952,4127
8953,3741
8954,6741
8955,5394
8956,4622
8957,7237
8958,3836
8959,7265
8960,7767
8961,7010
8962,6379
8963,4947
8964,2914
8965,7313
8966,6744
8967,9117
8968,9333
8969,0
8970,8373
8971,9282
8972,8709
8973,7260
8974,3770
8975,7369
8976,3806
8977,9132
8978,5391
8979,5104
8980,8375
8981,4205
8982,7830
8983,4429
8984,7307
8985,7046
8986,9317
8987,8982
8988,0
8989,7854
8990,6956
8991,4534
8992,8945
8993,7057
8994,8687
8995,7683
8996,8092
8997,7026
8998,5088
8999,8766
9000,5231
9001,9469
9002,5536
9003,9220
9004,2953
9005,5925
9006,7756
9007,3144
9008,6543
9009,8334
9010,8907
9011,9073
9012,3360
9013,6757
9014,4111
9015,6344
9016,7531
9017,6990
9018,7732
9019,7353
9020,4170
9021,6800
9022,8873
9023,6364
9024,7001
9025,6628
9026,5611
9027,4738
9028,6668
9029,6651
9030,6776
9031,2670
9032,8074
9033,5735
9034,9404
9035,6099
9036,4653
9037,7311
9038,6147
9039,3236
9040,4050
9041,4617
9042,7891
9043,3748
9044,9508
9045,3833
9046,6458
9047,5716
9048,2963
9049,4360
9050,7397
9051,5795
9052,6270
9053,5273
9054,3903
9055,5260
9056,6199
9057,8333
9058,7103
9059,6596
9060,8676
9061,7651
9062,5507
9063,6987
9064,8320
9065,4527
9066,8209
9067,0
9068,8101
9069,6319
9070,6145
9071,5575
9072,8246
9073,5065
9074,8603
9075,8134
9076,8791
9077,4300
9078,9305
9079,5515
9080,6070
9081,4677
9082,9440
9083,9148
9084,8023
9085,6284
9086,2678
9087,5141
9088,2955
9089,5701
9090,4167
9091,3285
9092,4069
9093,2958
9094,4396
9095,7878
9096,2706
9097,9270
9098,3534
9099,9501
9100,4178
9101,6999
9102,6714
9103,5293
9104,3502
9105,5831
9106,4074
9107,7159
9108,3483
9109,5878
9110,6778
9111,6587
9112,2933
9113,8038
9114,9101
9115,4145
9116,6995
9117,9548
9118,3579
9119,0
9120,4800
9121,6984
9122,6534
9123,6433
9124,8990
9125,4877
9126,8399
9127,8185
9128,9512
9129,4137
9130,8187
9131,7272
9132,3335
9133,7228
9134,6642
9135,3798
9136,3619
9137,4381
9138,3586
9139,3847
9140,5155
9141,4792
9142,8482
9143,4866
9144,6690
9145,5908
9146,2930
9147,4060
9148,2827
9149,3288
9150,8974
9151,8893
9152,9347
9153,3148
9154,9142
9155,6367
9156,7064
9157,7020
9158,3492
9159,3081
9160,3974
9161,0
9162,6795
9163,8744
9164,6341
9165,3243
9166,2931
9167,2949
9168,3800
9169,5223
9170,4514
9171,6456
9172,8490
9173,6453
9174,0
9175,9649
9176,6032
9177,5738
9178,4553
9179,4259
9180,4195
9181,4175
9182,4298
9183,8448
9184,9161
9185,2798
9186,7925
9187,5973
9188,4335
9189,3810
9190,8834
9191,4680
9192,5377
9193,7101
9194,3268
9195,6308
9196,9474
9197,3489
9198,4435
9199,7686
9200,4279
9201,6998
9202,3208
9203,6443
9204,2695
9205,5437
9206,6185
9207,5528
9208,8475
9209,3244
9210,5756
9211,7608
9212,2804
9213,3249
9214,5587
9215,5705
9216,7068
9217,8895
9218,9550
9219,9181
9220,5876
9221,7197
9222,5929
9223,7508
9224,6405
9225,5265
9226,4321
9227,7181
9228,3588
9229,6019
9230,5773
9231,3061
9232,2730
9233,6051
9234,5281
9235,4597
9236,5872
9237,3198
9238,4129
9239,5858
9240,2855
9241,6859
9242,5008
9243,3037
9244,3157
9245,2675
9246,5629
9247,4717
9248,6822
9249,6033
9250,8718
9251,4863
9252,8504
9253,6362
9254,3630
9255,3304
9256,9033
9257,6092
9258,6736
9259,8517
9260,8505
9261,7428
9262,4885
9263,6024
9264,5084
9265,6295
9266,5793
9267,6770
9268,3950
9269,9077
9270,2719
9271,5710
9272,3076
9273,3171
9274,8467
9275,4310
9276,9072
9277,3597
9278,3377
9279,4711
9280,4073
9281,9355
9282,4400
9283,4820
9284,3034
9285,5371
9286,6930
9287,4240
9288,7526
9289,7533
9290,7341
9291,8003
9292,7295
9293,7697
9294,9243
9295,8053
9296,5709
9297,4110
9298,9606
9299,7167
9300,6182
9301,7765
9302,3274
9303,7415
9304,8813
9305,2746
9306,3313
9307,7813
9308,3433
9309,8175
9310,7342
9311,6264
9312,7835
9313,5886
9314,3959
9315,7413
9316,5625
9317,4011
9318,4810
9319,7268
9320,8478
9321,5468
9322,4578
9323,8416
9324,5844
9325,7135
9326,5282
9327,4466
9328,8824
9329,4077
9330,6594
9331,6057
9332,7899
9333,2843
9334,6552
9335,7668
9336,4518
9337,2982
9338,3699
9339,8088
9340,8862
9341,7292
9342,8921
9343,7322
9344,6184
9345,7483
9346,8155
9347,6804
9348,6168
9349,4473
9350,3451
9351,2925
9352,2852
9353,4884
9354,7339
9355,4825
9356,3648
9357,9136
9358,6879
9359,7850
9360,3552
9361,4986
9362,6640
9363,6423
9364,3286
9365,7712
9366,6681
9367,8969
9368,4172
9369,3052
9370,5976
9371,5246
9372,7585
9373,0
9374,5836
9375,9034
9376,3660
9377,8095
9378,0
9379,8881
9380,8821
9381,7603
9382,7654
9383,6125
9384,4836
9385,4496
9386,7707
9387,9614
9388,5778
9389,5655
9390,7661
9391,7360
9392,5961
9393,5829
9394,5472
9395,7283
9396,8427
9397,3356
9398,4795
9399,6607
9400,3533
9401,3756
9402,5013
9403,6474
9404,5073
9405,2795
9406,9505
9407,7792
9408,8036
9409,5936
9410,9126
9411,5127
9412,7886
9413,7642
9414,6149
9415,0
9416,4505
9417,8748
9418,7896
9419,8290
9420,6720
9421,7161
9422,8578
9423,9703
9424,3729
9425,3716
9426,6724
9427,8489
9428,5247
9429,8315
9430,9165
9431,8139
9432,4925
9433,8352
9434,9018
9435,3207
9436,4900
9437,6014
9438,5328
9439,7672
9440,4869
9441,6487
9442,5488
9443,4042
9444,6286
9445,4562
9446,8564
9447,4132
9448,8363
9449,7430
9450,0
9451,8401
9452,4606
9453,2701
9454,7436
9455,5416
9456,3109
9457,7989
9458,9011
9459,6074
9460,8188
9461,6499
9462,3565
9463,5040
9464,7296
9465,4225
9466,7042
9467,7607
9468,4913
9469,9265
9470,7931
9471,2665
9472,3929
9473,4006
9474,4585
9475,2771
9476,9472
9477,5614
9478,6160
9479,5731
9480,3068
9481,7964
9482,8119
9483,8704
9484,6016
9485,3342
9486,7493
9487,9378
9488,4917
9489,5822
9490,4860
9491,8236
9492,5960
9493,8344
9494,9257
9495,9139
9496,4573
9497,4044
9498,6360
9499,8165
9500,5251
9501,6532
9502,6967
9503,8604
9504,3873
9505,9252
9506,7791
9507,6313
9508,9421
9509,7568
9510,9500
9511,0
9512,7043
9513,2896
9514,7892
9515,9631
9516,8734
9517,9227
9518,3889
9519,5197
9520,2936
9521,7539
9522,0
9523,5650
9524,3818
9525,6201
9526,5798
9527,7750
9528,8232
9529,8827
9530,2761
9531,4847
9532,2737
9533,5215
9534,6400
9535,7865
9536,4923
9537,5271
9538,5954
9539,5004
9540,3070
9541,6632
9542,9412
9543,4532
9544,6568
9545,4149
9546,8944
9547,6702
9548,4476
9549,9382
9550,5539
9551,7117
9552,4280
9553,5267
9554,0
9555,9023
9556,7945
9557,8487
9558,5486
9559,3164
9560,9685
9561,8569
9562,3209
9563,2754
9564,6195
9565,3087
9566,3045
9567,7759
9568,7635
9569,4412
9570,5722
9571,3221
9572,6908
9573,8152
9574,3140
9575,8987
9576,5607
9577,3542
9578,4423
9579,4510
9580,9425
9581,5590
9582,3266
9583,6228
9584,9712
9585,4960
9586,5977
9587,3539
9588,6144
9589,4686
9590,7278
9591,7335
9592,7532
9593,3350
9594,3183
9595,9717
9596,4719
9597,3583
9598,6635
9599,7422
9600,3566
9601,3574
9602,7976
9603,6754
9604,7929
9605,8629
9606,5363
9607,7666
9608,4700
9609,4250
9610,3296
9611,9601
9612,6685
9613,7992
9614,7062
9615,2672
9616,5465
9617,4826
9618,5560
9619,3784
9620,7172
9621,5651
9622,7453
9623,3762
9624,3364
9625,9658
9626,9068
9627,8667
9628,3337
9629,3217
9630,6692
9631,4715
9632,6613
9633,9028
9634,4071
9635,4491
9636,6860
9637,7437
9638,9063
9639,2790
9640,9539
9641,8494
9642,6687
9643,6446
9644,3050
9645,2824
9646,6909
9647,8174
9648,7134
9649,4342
9650,7903
9651,5279
9652,5512
9653,0
9654,6792
9655,5992
9656,6929
9657,4010
9658,4812
9659,8850
9660,8680
9661,6207
9662,4862
9663,5734
9664,5452
9665,2839
9666,5133
9667,6422
9668,8305
9669,3317
9670,9326
9671,3794
9672,4427
9673,8235
9674,8001
9675,3624
9676,7384
9677,6612
9678,8538
9679,9579
9680,4725
9681,7514
9682,8280
9683,9281
9684,3548
9685,7487
9686,5386
9687,3642
9688,5237
9689,8270
9690,9534
9691,8885
9692,6215
9693,7638
9694,7463
9695,9521
9696,5624
9697,5841
9698,2859
9699,4362
9700,4061
9701,9746
9702,9779
9703,9778
9704,9763
9705,9780
9706,9734
9707,9755
9708,9805
9709,9751
9710,9740
9711,9752
9712,9757
9713,9792
9714,9764
9715,9761
9716,9749
9717,9782
9718,9793
9719,9788
9720,9766
9721,9791
9722,9760
9723,9743
9724,9756
9725,9769
9726,9774
9727,9785
9728,9801
9729,9772
9730,9748
9731,9776
9732,9738
9733,9795
9734,9741
9735,9735
9736,9781
9737,9750
9738,9770
9739,9797
9740,9753
9741,9786
9742,9744
9743,9754
9744,9796
9745,9799
9746,9802
9747,9742
9748,9771
9749,9732
9750,9803
9751,9804
9752,9759
9753,9762
9754,9787
9755,9777
9756,9794
9757,9768
9758,9736
9759,9789
9760,9747
9761,9798
9762,9739
9763,9775
9764,9773
9765,9733
9766,9745
9767,9783
9768,9767
9769,9758
9770,9790
9771,9800
9772,9731
9773,9737
9774,9784
9775,9765
9776,14818
9777,14822
9778,14854
9779,14828
9780,14825
9781,14845
9782,14827
9783,14817
9784,14830
9785,14833
9786,14824
9787,14815
9788,14856
9789,14820
9790,14850
9791,14834
9792,14835
9793,14840
9794,14806
9795,14831
9796,14832
9797,14851
9798,14836
9799,14839
9800,14852
9801,14809
9802,14811
9803,14826
9804,14837
9805,14857
9806,14813
9807,14810
9808,14847
9809,14829
9810,14846
9811,14838
9812,14823
9813,14842
9814,14821
9815,14841
9816,14853
9817,14816
9818,14808
9819,14848
9820,14849
9821,14855
9822,14843
9823,14844
9824,14814
9825,14819
9826,14807
9827,14812
9828,14858
9829,14859
9830,15883
9831,15884
9832,15885
9833,15886
9834,15887
9835,15888
9836,15889
9837,15890
9838,15891
9839,15892
9840,15893
9841,15894
9842,15895
9843,15896
9844,15897
9845,15898
9846,15899
9847,15900
9848,15901
9849,15902
9850,15903
9851,15904
9852,15905
9853,15906
9854,15907
9855,15908
9856,15909
9857,15910
9858,0
9859,0
9860,0
9861,0
9862,0
9863,0
9864,0
9865,0
9866,0
9867,0
9868,0
9869,0
9870,0
9871,0
9872,0
9873,0
9874,0
9875,0
9876,0
9877,0
9878,0
9879,0
9880,0
9881,0
9882,0
9883,0
9884,0
9885,0
9886,0
9887,0
9888,0
9889,0
9890,0
9891,0
9892,0
9893,0
9894,0
9895,0
9896,0
9897,0
9898,0
9899,0
9900,0
9901,0
9902,0
9903,0
9904,0
9905,0
9906,0
9907,0
9908,0
9909,0
9910,0
9911,0
9912,0
9913,0
9914,0
9915,0
9916,0
9917,0
9918,0
9919,0
9920,0
9921,0
9922,0
9923,0
9924,0
9925,0
9926,0
9927,0
9928,0
9929,0
9930,0
9931,0
9932,0
9933,0
9934,0
9935,0
9936,0
9937,0
9938,0
9939,0
9940,0
9941,0
9942,0
9943,0
9944,0
9945,0
9946,0
9947,0
9948,0
9949,0
9950,0
9951,0
9952,0
9953,0
9954,0
9955,0
9956,0
9957,0
9958,0
9959,0
9960,0
9961,0
9962,0
9963,0
9964,0
9965,0
9966,0
9967,0
9968,0
9969,0
9970,0
9971,0
9972,0
9973,0
9974,0
9975,0
9976,0
9977,0
9978,0
9979,0
9980,0
9981,0
9982,0
9983,0
9984,0
9985,0
9986,0
9987,0
9988,0
9989,0
9990,0
9991,0
9992,0
9993,0
9994,0
9995,0
9996,0
9997,0
9998,0
9999,0
10000,0
